#
# There is insufficient memory for the Java Runtime Environment to continue.
# Native memory allocation (malloc) failed to allocate 408496 bytes. Error detail: Chunk::new
# Possible reasons:
#   The system is out of physical RAM or swap space
#   This process is running with CompressedOops enabled, and the Java Heap may be blocking the growth of the native heap
# Possible solutions:
#   Reduce memory load on the system
#   Increase physical memory or swap space
#   Check if swap backing store is full
#   Decrease Java heap size (-Xmx/-Xms)
#   Decrease number of Java threads
#   Decrease Java thread stack sizes (-Xss)
#   Set larger code cache with -XX:ReservedCodeCacheSize=
#   JVM is running with Zero Based Compressed Oops mode in which the Java heap is
#     placed in the first 32GB address space. The Java Heap base address is the
#     maximum limit for the native heap growth. Please use -XX:HeapBaseMinAddress
#     to set the Java Heap base and to place the Java Heap above 32GB virtual address.
# This output file may be truncated or incomplete.
#
#  Out of Memory Error (arena.cpp:168), pid=60812, tid=62104
#
# JRE version: OpenJDK Runtime Environment (21.0.10) (build 21.0.10+-14961533-b1163.108)
# Java VM: OpenJDK 64-Bit Server VM (21.0.10+-14961533-b1163.108, mixed mode, tiered, compressed oops, compressed class ptrs, g1 gc, windows-amd64)
# No core dump will be written. Minidumps are not enabled by default on client versions of Windows
#

---------------  S U M M A R Y ------------

Command Line: --add-opens=java.base/java.lang=ALL-UNNAMED --add-opens=java.base/java.lang.invoke=ALL-UNNAMED --add-opens=java.base/java.util=ALL-UNNAMED --add-opens=java.prefs/java.util.prefs=ALL-UNNAMED --add-exports=jdk.compiler/com.sun.tools.javac.api=ALL-UNNAMED --add-exports=jdk.compiler/com.sun.tools.javac.util=ALL-UNNAMED --add-opens=java.base/java.util=ALL-UNNAMED --add-opens=java.prefs/java.util.prefs=ALL-UNNAMED --add-opens=java.base/java.nio.charset=ALL-UNNAMED --add-opens=java.base/java.net=ALL-UNNAMED --add-opens=java.base/java.util.concurrent.atomic=ALL-UNNAMED --add-opens=java.xml/javax.xml.namespace=ALL-UNNAMED -XX:MaxMetaspaceSize=4G -XX:ReservedCodeCacheSize=512m -XX:+HeapDumpOnOutOfMemoryError -Xmx8G -Dfile.encoding=UTF-8 -Duser.country=KR -Duser.language=ko -Duser.variant -javaagent:C:\Users\USER-5\.gradle\wrapper\dists\gradle-8.14-all\c2qonpi39x1mddn7hk5gh9iqj\gradle-8.14\lib\agents\gradle-instrumentation-agent-8.14.jar org.gradle.launcher.daemon.bootstrap.GradleDaemon 8.14

Host: AMD Ryzen 7 5800X 8-Core Processor             , 16 cores, 63G,  Windows 11 , 64 bit Build 26100 (10.0.26100.8115)
Time: Fri Apr 10 14:56:21 2026 elapsed time: 228.068020 seconds (0d 0h 3m 48s)

---------------  T H R E A D  ---------------

Current thread (0x000001cdfc793ed0):  JavaThread "C2 CompilerThread0" daemon [_thread_in_native, id=62104, stack(0x000000833a700000,0x000000833a800000) (1024K)]


Current CompileTask:
C2:228068 16896       4       org.gradle.api.internal.attributes.DefaultMutableAttributeContainer::attribute (13 bytes)

Stack: [0x000000833a700000,0x000000833a800000]
Native frames: (J=compiled Java code, j=interpreted, Vv=VM code, C=native code)
V  [jvm.dll+0x6d78a9]
V  [jvm.dll+0x8665b3]
V  [jvm.dll+0x868bde]
V  [jvm.dll+0x8692c3]
V  [jvm.dll+0x280ee6]
V  [jvm.dll+0xc07cd]
V  [jvm.dll+0xc0d03]
V  [jvm.dll+0x3ba091]
V  [jvm.dll+0x385df7]
V  [jvm.dll+0x38526a]
V  [jvm.dll+0x249bd2]
V  [jvm.dll+0x2491a1]
V  [jvm.dll+0x1c76e4]
V  [jvm.dll+0x25891e]
V  [jvm.dll+0x256e66]
V  [jvm.dll+0x3f513e]
V  [jvm.dll+0x80fd28]
V  [jvm.dll+0x6d60fd]
C  [ucrtbase.dll+0x37b0]
C  [KERNEL32.DLL+0x2e8d7]
C  [ntdll.dll+0x8c3fc]


---------------  P R O C E S S  ---------------

Threads class SMR info:
_java_thread_list=0x000001cdfe5200c0, length=234, elements={
0x000001cdd39e6360, 0x000001cdfc73bc40, 0x000001cdfc7906b0, 0x000001cdfc76e9c0,
0x000001cdfc77b420, 0x000001cdfc791c80, 0x000001cdfc7926e0, 0x000001cdfc793140,
0x000001cdfc793ed0, 0x000001cdfc79a140, 0x000001cdfcc70330, 0x000001cdfefc1da0,
0x000001cdfeff3af0, 0x000001cdff152a70, 0x000001cdff159ec0, 0x000001cdfef3fe30,
0x000001cdff21d390, 0x000001cdff1c6980, 0x000001cdff1c5c60, 0x000001cdff1c55d0,
0x000001cdff1c7d30, 0x000001cdff1c62f0, 0x000001cdff1c7010, 0x000001cdff1c76a0,
0x000001cdff1c83c0, 0x000001cd8c199360, 0x000001cd8c19ada0, 0x000001cd8c1999f0,
0x000001cd8c19a080, 0x000001cd8c19bac0, 0x000001cd8c198cd0, 0x000001cd8c19f5d0,
0x000001cd8c19fc60, 0x000001cd8c1a02f0, 0x000001cd8c19d500, 0x000001cd8c19e220,
0x000001cd8c19e8b0, 0x000001cd8c611ff0, 0x000001cd8c612d10, 0x000001cd8c611960,
0x000001cd8c60ff20, 0x000001cd8c610c40, 0x000001cd8c60f890, 0x000001cd8c612680,
0x000001cd8c6105b0, 0x000001cd8c6112d0, 0x000001cd8ce06170, 0x000001cd8ce05450,
0x000001cd8ce04730, 0x000001cd8ce05ae0, 0x000001cd8ce03a10, 0x000001cd8ce02cf0,
0x000001cd8ce03380, 0x000001cd8ce06800, 0x000001cd8ce06e90, 0x000001cd8ce07520,
0x000001cd8ce040a0, 0x000001cd8ce08240, 0x000001cd8ce07bb0, 0x000001cd8ce04dc0,
0x000001cd8ce088d0, 0x000001cd8ce08f60, 0x000001cd8ce095f0, 0x000001cd8ce09c80,
0x000001cd8ce0a310, 0x000001cdff3ef0c0, 0x000001cdff3ef750, 0x000001cdff3f1820,
0x000001cdff3f0470, 0x000001cdff3f2540, 0x000001cdff3f1eb0, 0x000001cdff3efde0,
0x000001cdff3f38f0, 0x000001cdff3f3f80, 0x000001cdff3f1190, 0x000001cdff3f0b00,
0x000001cdff3f4610, 0x000001cdff3f59c0, 0x000001cdff3f3260, 0x000001cdff3f4ca0,
0x000001cdff3f5330, 0x000001cd8dccb170, 0x000001cd8dcc7cf0, 0x000001cd8dccc520,
0x000001cd8dccbe90, 0x000001cd8dccb800, 0x000001cd8dcc90a0, 0x000001cd8dcccbb0,
0x000001cd8dcc9730, 0x000001cd8dccd240, 0x000001cd8dccd8d0, 0x000001cd8dccec80,
0x000001cd8dccdf60, 0x000001cd8dcce5f0, 0x000001cd8dccf310, 0x000001cd8d6d88f0,
0x000001cd8d6d8260, 0x000001cd8d6d5b00, 0x000001cd8d6d7bd0, 0x000001cd8d6d9610,
0x000001cd8d6d8f80, 0x000001cd8d6d6820, 0x000001cd8d6d6190, 0x000001cd8d6d9ca0,
0x000001cd8d6d7540, 0x000001cd8d6da330, 0x000001cd8d6d6eb0, 0x000001cd8d6dca90,
0x000001cd8d6db050, 0x000001cd8d6da9c0, 0x000001cd8d6db6e0, 0x000001cd8d6dd120,
0x000001cd8d6dbd70, 0x000001cd8d6dc400, 0x000001cd8d8ea840, 0x000001cd8d8ebbf0,
0x000001cd8d8e8e00, 0x000001cd8d8eb560, 0x000001cd8d8e8770, 0x000001cd8d8ec910,
0x000001cd8d8ec280, 0x000001cd8d8e9490, 0x000001cd8d8ecfa0, 0x000001cd8d8e9b20,
0x000001cd8d8eaed0, 0x000001cd8d8ed630, 0x000001cd8d8ea1b0, 0x000001cd8d8ee350,
0x000001cd8d8edcc0, 0x000001cd8d8ee9e0, 0x000001cd8d8ef070, 0x000001cd8d8ef700,
0x000001cd8d8efd90, 0x000001cd8d2e0130, 0x000001cd8d2de060, 0x000001cd8d2ded80,
0x000001cd8d2dfaa0, 0x000001cd8d2de6f0, 0x000001cd8d2df410, 0x000001cd8d2e35b0,
0x000001cd8d2e2f20, 0x000001cd8d2e14e0, 0x000001cd8d2e3c40, 0x000001cd8d2e07c0,
0x000001cd8d2e0e50, 0x000001cd8d2e4960, 0x000001cd8d2e1b70, 0x000001cd8d2e2890,
0x000001cd8d2e4ff0, 0x000001cd8d2e5680, 0x000001cd8d2e2200, 0x000001cd8f8dd560,
0x000001cd8f8dfcc0, 0x000001cd8f8dc840, 0x000001cd8f8df630, 0x000001cd8f8defa0,
0x000001cd8f8e0350, 0x000001cd8f8dced0, 0x000001cd8f8de910, 0x000001cd8f8e09e0,
0x000001cd8f8e1070, 0x000001cd8f8ddbf0, 0x000001cd8f8e1700, 0x000001cd8f8de280,
0x000001cd8f8e3e60, 0x000001cd8f8e2ab0, 0x000001cd8f8e1d90, 0x000001cd8f8e2420,
0x000001cd8f8e3140, 0x000001cd8f8e37d0, 0x000001cd8c30d7c0, 0x000001cd8c30eb70,
0x000001cd8c30f200, 0x000001cd8c30de50, 0x000001cd8c30e4e0, 0x000001cd8c30bd80,
0x000001cd8c30c410, 0x000001cd8c30caa0, 0x000001cd8c30f890, 0x000001cd8c30ff20,
0x000001cd8c3105b0, 0x000001cd8c30d130, 0x000001cd8c312d10, 0x000001cd8c312680,
0x000001cd8c311ff0, 0x000001cd8c3133a0, 0x000001cd8c313a30, 0x000001cd8c3112d0,
0x000001cd8c310c40, 0x000001cd8c315b00, 0x000001cd8df77b00, 0x000001cd8df7a260,
0x000001cd8df79540, 0x000001cd8df77470, 0x000001cd8df79bd0, 0x000001cd8df76de0,
0x000001cd8df7dd70, 0x000001cd8df7d6e0, 0x000001cd8df7e400, 0x000001cd8df7c330,
0x000001cd8df7d050, 0x000001cd8df7b610, 0x000001cd8df7a8f0, 0x000001cd8df7af80,
0x000001cd8df7c9c0, 0x000001cd8df7ea90, 0x000001cd8df7bca0, 0x000001cd8df82c30,
0x000001cd8df81880, 0x000001cd8df81f10, 0x000001cd8df80b60, 0x000001cd8df7f7b0,
0x000001cd8df825a0, 0x000001cd8df7fe40, 0x000001cd8df832c0, 0x000001cd8df83950,
0x000001cd91085dd0, 0x000001cd910850b0, 0x000001cd91087810, 0x000001cd91086460,
0x000001cd91088bc0, 0x000001cd91087ea0, 0x000001cd9108a600, 0x000001cd91089250,
0x000001cd91087180, 0x000001cd9108b9b0, 0x000001cd9108cd60, 0x000001cd9108ac90,
0x000001cd9108d3f0, 0x000001cd9108b320, 0x000001cd8cffde50, 0x000001cd8dd59b90,
0x000001cd8dd5c470, 0x000001cd970e1b80
}

Java Threads: ( => current thread )
  0x000001cdd39e6360 JavaThread "main"                              [_thread_blocked, id=55564, stack(0x0000008339800000,0x0000008339900000) (1024K)]
  0x000001cdfc73bc40 JavaThread "Common-Cleaner"             daemon [_thread_blocked, id=53620, stack(0x000000833a000000,0x000000833a100000) (1024K)]
  0x000001cdfc7906b0 JavaThread "Reference Handler"          daemon [_thread_blocked, id=46124, stack(0x000000833a100000,0x000000833a200000) (1024K)]
  0x000001cdfc76e9c0 JavaThread "Finalizer"                  daemon [_thread_blocked, id=42536, stack(0x000000833a200000,0x000000833a300000) (1024K)]
  0x000001cdfc77b420 JavaThread "Signal Dispatcher"          daemon [_thread_blocked, id=82220, stack(0x000000833a300000,0x000000833a400000) (1024K)]
  0x000001cdfc791c80 JavaThread "Attach Listener"            daemon [_thread_blocked, id=80728, stack(0x000000833a400000,0x000000833a500000) (1024K)]
  0x000001cdfc7926e0 JavaThread "Service Thread"             daemon [_thread_blocked, id=37732, stack(0x000000833a500000,0x000000833a600000) (1024K)]
  0x000001cdfc793140 JavaThread "Monitor Deflation Thread"   daemon [_thread_blocked, id=16252, stack(0x000000833a600000,0x000000833a700000) (1024K)]
=>0x000001cdfc793ed0 JavaThread "C2 CompilerThread0"         daemon [_thread_in_native, id=62104, stack(0x000000833a700000,0x000000833a800000) (1024K)]
  0x000001cdfc79a140 JavaThread "C1 CompilerThread0"         daemon [_thread_in_vm, id=42308, stack(0x000000833a800000,0x000000833a900000) (1024K)]
  0x000001cdfcc70330 JavaThread "Notification Thread"        daemon [_thread_blocked, id=67908, stack(0x000000833aa00000,0x000000833ab00000) (1024K)]
  0x000001cdfefc1da0 JavaThread "Daemon health stats"               [_thread_blocked, id=80608, stack(0x000000833bb00000,0x000000833bc00000) (1024K)]
  0x000001cdfeff3af0 JavaThread "Incoming local TCP Connector on port 51614"        [_thread_in_native, id=84528, stack(0x000000833bc00000,0x000000833bd00000) (1024K)]
  0x000001cdff152a70 JavaThread "Daemon periodic checks"            [_thread_blocked, id=73612, stack(0x000000833bd00000,0x000000833be00000) (1024K)]
  0x000001cdff159ec0 JavaThread "Daemon"                            [_thread_blocked, id=67052, stack(0x000000833be00000,0x000000833bf00000) (1024K)]
  0x000001cdfef3fe30 JavaThread "Handler for socket connection from /127.0.0.1:51614 to /127.0.0.1:51615"        [_thread_in_native, id=81464, stack(0x000000833bf00000,0x000000833c000000) (1024K)]
  0x000001cdff21d390 JavaThread "Cancel handler"                    [_thread_blocked, id=46048, stack(0x000000833c000000,0x000000833c100000) (1024K)]
  0x000001cdff1c6980 JavaThread "Daemon worker"                     [_thread_in_Java, id=56956, stack(0x000000833c100000,0x000000833c200000) (1024K)]
  0x000001cdff1c5c60 JavaThread "Asynchronous log dispatcher for DefaultDaemonConnection: socket connection from /127.0.0.1:51614 to /127.0.0.1:51615"        [_thread_blocked, id=57824, stack(0x000000833c200000,0x000000833c300000) (1024K)]
  0x000001cdff1c55d0 JavaThread "Stdin handler"                     [_thread_blocked, id=32616, stack(0x000000833c300000,0x000000833c400000) (1024K)]
  0x000001cdff1c7d30 JavaThread "Daemon client event forwarder"        [_thread_blocked, id=9820, stack(0x000000833c400000,0x000000833c500000) (1024K)]
  0x000001cdff1c62f0 JavaThread "Cache worker for journal cache (C:\Users\USER-5\.gradle\caches\journal-1)"        [_thread_blocked, id=63856, stack(0x000000833ab00000,0x000000833ac00000) (1024K)]
  0x000001cdff1c7010 JavaThread "File lock request listener"        [_thread_in_native, id=56984, stack(0x000000833c600000,0x000000833c700000) (1024K)]
  0x000001cdff1c76a0 JavaThread "File lock release action executor"        [_thread_blocked, id=51196, stack(0x000000833a900000,0x000000833aa00000) (1024K)]
  0x000001cdff1c83c0 JavaThread "Cache worker for file hash cache (C:\Users\USER-5\.gradle\caches\8.14\fileHashes)"        [_thread_blocked, id=60220, stack(0x000000833ad00000,0x000000833ae00000) (1024K)]
  0x000001cd8c199360 JavaThread "Cache worker for file hash cache (D:\mg-games\repos\mg-game-0021\game\android\.gradle\8.14\fileHashes)"        [_thread_blocked, id=74988, stack(0x000000833c900000,0x000000833ca00000) (1024K)]
  0x000001cd8c19ada0 JavaThread "Cache worker for Build Output Cleanup Cache (D:\mg-games\repos\mg-game-0021\game\android\.gradle\buildOutputCleanup)"        [_thread_blocked, id=63632, stack(0x000000833ca00000,0x000000833cb00000) (1024K)]
  0x000001cd8c1999f0 JavaThread "File watcher server"        daemon [_thread_in_native, id=18844, stack(0x000000833c700000,0x000000833c800000) (1024K)]
  0x000001cd8c19a080 JavaThread "File watcher consumer"      daemon [_thread_blocked, id=50040, stack(0x000000833cb00000,0x000000833cc00000) (1024K)]
  0x000001cd8c19bac0 JavaThread "Cache worker for checksums cache (D:\mg-games\repos\mg-game-0021\game\android\.gradle\8.14\checksums)"        [_thread_blocked, id=61020, stack(0x000000833cc00000,0x000000833cd00000) (1024K)]
  0x000001cd8c198cd0 JavaThread "Cache worker for file content cache (C:\Users\USER-5\.gradle\caches\8.14\fileContent)"        [_thread_blocked, id=17000, stack(0x000000833cd00000,0x000000833ce00000) (1024K)]
  0x000001cd8c19f5d0 JavaThread "Cache worker for cache directory md-supplier (C:\Users\USER-5\.gradle\caches\8.14\md-supplier)"        [_thread_blocked, id=83936, stack(0x000000833d000000,0x000000833d100000) (1024K)]
  0x000001cd8c19fc60 JavaThread "Cache worker for cache directory md-rule (C:\Users\USER-5\.gradle\caches\8.14\md-rule)"        [_thread_blocked, id=61660, stack(0x000000833d100000,0x000000833d200000) (1024K)]
  0x000001cd8c1a02f0 JavaThread "Cache worker for Build Output Cleanup Cache (C:\Users\USER-5\develop\flutter\packages\flutter_tools\gradle\.gradle\buildOutputCleanup)"        [_thread_blocked, id=79640, stack(0x000000833d200000,0x000000833d300000) (1024K)]
  0x000001cd8c19d500 JavaThread "Unconstrained build operations"        [_thread_blocked, id=74128, stack(0x000000833cf00000,0x000000833d000000) (1024K)]
  0x000001cd8c19e220 JavaThread "Unconstrained build operations Thread 2"        [_thread_blocked, id=44652, stack(0x000000833d300000,0x000000833d400000) (1024K)]
  0x000001cd8c19e8b0 JavaThread "Unconstrained build operations Thread 3"        [_thread_blocked, id=75168, stack(0x000000833d400000,0x000000833d500000) (1024K)]
  0x000001cd8c611ff0 JavaThread "Unconstrained build operations Thread 4"        [_thread_blocked, id=10756, stack(0x000000833d500000,0x000000833d600000) (1024K)]
  0x000001cd8c612d10 JavaThread "Unconstrained build operations Thread 5"        [_thread_blocked, id=75616, stack(0x000000833d600000,0x000000833d700000) (1024K)]
  0x000001cd8c611960 JavaThread "Unconstrained build operations Thread 6"        [_thread_blocked, id=69324, stack(0x000000833d700000,0x000000833d800000) (1024K)]
  0x000001cd8c60ff20 JavaThread "Unconstrained build operations Thread 7"        [_thread_blocked, id=54324, stack(0x000000833d800000,0x000000833d900000) (1024K)]
  0x000001cd8c610c40 JavaThread "Unconstrained build operations Thread 8"        [_thread_blocked, id=71520, stack(0x000000833d900000,0x000000833da00000) (1024K)]
  0x000001cd8c60f890 JavaThread "Unconstrained build operations Thread 9"        [_thread_blocked, id=67800, stack(0x000000833da00000,0x000000833db00000) (1024K)]
  0x000001cd8c612680 JavaThread "Unconstrained build operations Thread 10"        [_thread_blocked, id=57552, stack(0x000000833db00000,0x000000833dc00000) (1024K)]
  0x000001cd8c6105b0 JavaThread "Unconstrained build operations Thread 11"        [_thread_blocked, id=54144, stack(0x000000833dc00000,0x000000833dd00000) (1024K)]
  0x000001cd8c6112d0 JavaThread "Unconstrained build operations Thread 12"        [_thread_blocked, id=78828, stack(0x000000833dd00000,0x000000833de00000) (1024K)]
  0x000001cd8ce06170 JavaThread "Unconstrained build operations Thread 13"        [_thread_blocked, id=81720, stack(0x000000833de00000,0x000000833df00000) (1024K)]
  0x000001cd8ce05450 JavaThread "Unconstrained build operations Thread 14"        [_thread_blocked, id=75720, stack(0x000000833df00000,0x000000833e000000) (1024K)]
  0x000001cd8ce04730 JavaThread "Unconstrained build operations Thread 15"        [_thread_blocked, id=58740, stack(0x000000833e000000,0x000000833e100000) (1024K)]
  0x000001cd8ce05ae0 JavaThread "Unconstrained build operations Thread 16"        [_thread_blocked, id=64304, stack(0x0000008339500000,0x0000008339600000) (1024K)]
  0x000001cd8ce03a10 JavaThread "Unconstrained build operations Thread 17"        [_thread_blocked, id=74796, stack(0x000000833ba00000,0x000000833bb00000) (1024K)]
  0x000001cd8ce02cf0 JavaThread "Unconstrained build operations Thread 18"        [_thread_blocked, id=76176, stack(0x000000833c800000,0x000000833c900000) (1024K)]
  0x000001cd8ce03380 JavaThread "Unconstrained build operations Thread 19"        [_thread_blocked, id=62192, stack(0x000000833e100000,0x000000833e200000) (1024K)]
  0x000001cd8ce06800 JavaThread "Unconstrained build operations Thread 20"        [_thread_blocked, id=56776, stack(0x000000833e200000,0x000000833e300000) (1024K)]
  0x000001cd8ce06e90 JavaThread "Unconstrained build operations Thread 21"        [_thread_blocked, id=78496, stack(0x000000833e300000,0x000000833e400000) (1024K)]
  0x000001cd8ce07520 JavaThread "Unconstrained build operations Thread 22"        [_thread_blocked, id=66880, stack(0x000000833e400000,0x000000833e500000) (1024K)]
  0x000001cd8ce040a0 JavaThread "Unconstrained build operations Thread 23"        [_thread_blocked, id=38116, stack(0x000000833e500000,0x000000833e600000) (1024K)]
  0x000001cd8ce08240 JavaThread "Unconstrained build operations Thread 24"        [_thread_blocked, id=5156, stack(0x000000833e600000,0x000000833e700000) (1024K)]
  0x000001cd8ce07bb0 JavaThread "Unconstrained build operations Thread 25"        [_thread_blocked, id=71548, stack(0x000000833e700000,0x000000833e800000) (1024K)]
  0x000001cd8ce04dc0 JavaThread "Unconstrained build operations Thread 26"        [_thread_blocked, id=64252, stack(0x000000833e800000,0x000000833e900000) (1024K)]
  0x000001cd8ce088d0 JavaThread "Unconstrained build operations Thread 27"        [_thread_blocked, id=46460, stack(0x000000833e900000,0x000000833ea00000) (1024K)]
  0x000001cd8ce08f60 JavaThread "Unconstrained build operations Thread 28"        [_thread_blocked, id=56720, stack(0x000000833ea00000,0x000000833eb00000) (1024K)]
  0x000001cd8ce095f0 JavaThread "Unconstrained build operations Thread 29"        [_thread_blocked, id=49456, stack(0x000000833eb00000,0x000000833ec00000) (1024K)]
  0x000001cd8ce09c80 JavaThread "Unconstrained build operations Thread 30"        [_thread_blocked, id=7660, stack(0x000000833ec00000,0x000000833ed00000) (1024K)]
  0x000001cd8ce0a310 JavaThread "Unconstrained build operations Thread 31"        [_thread_blocked, id=83164, stack(0x000000833ce00000,0x000000833cf00000) (1024K)]
  0x000001cdff3ef0c0 JavaThread "Unconstrained build operations Thread 32"        [_thread_blocked, id=84240, stack(0x000000833ed00000,0x000000833ee00000) (1024K)]
  0x000001cdff3ef750 JavaThread "Unconstrained build operations Thread 33"        [_thread_blocked, id=69936, stack(0x000000833ee00000,0x000000833ef00000) (1024K)]
  0x000001cdff3f1820 JavaThread "Unconstrained build operations Thread 34"        [_thread_blocked, id=75492, stack(0x000000833ef00000,0x000000833f000000) (1024K)]
  0x000001cdff3f0470 JavaThread "Unconstrained build operations Thread 35"        [_thread_blocked, id=64148, stack(0x000000833f000000,0x000000833f100000) (1024K)]
  0x000001cdff3f2540 JavaThread "Unconstrained build operations Thread 36"        [_thread_blocked, id=70400, stack(0x000000833f100000,0x000000833f200000) (1024K)]
  0x000001cdff3f1eb0 JavaThread "Unconstrained build operations Thread 37"        [_thread_blocked, id=33016, stack(0x000000833f200000,0x000000833f300000) (1024K)]
  0x000001cdff3efde0 JavaThread "Unconstrained build operations Thread 38"        [_thread_blocked, id=71964, stack(0x000000833f300000,0x000000833f400000) (1024K)]
  0x000001cdff3f38f0 JavaThread "Unconstrained build operations Thread 39"        [_thread_blocked, id=24732, stack(0x000000833f400000,0x000000833f500000) (1024K)]
  0x000001cdff3f3f80 JavaThread "Unconstrained build operations Thread 40"        [_thread_blocked, id=49484, stack(0x000000833f500000,0x000000833f600000) (1024K)]
  0x000001cdff3f1190 JavaThread "Unconstrained build operations Thread 41"        [_thread_blocked, id=35456, stack(0x000000833f600000,0x000000833f700000) (1024K)]
  0x000001cdff3f0b00 JavaThread "Unconstrained build operations Thread 42"        [_thread_blocked, id=57768, stack(0x000000833f700000,0x000000833f800000) (1024K)]
  0x000001cdff3f4610 JavaThread "Unconstrained build operations Thread 43"        [_thread_blocked, id=54704, stack(0x000000833f800000,0x000000833f900000) (1024K)]
  0x000001cdff3f59c0 JavaThread "Unconstrained build operations Thread 44"        [_thread_blocked, id=79036, stack(0x000000833f900000,0x000000833fa00000) (1024K)]
  0x000001cdff3f3260 JavaThread "Unconstrained build operations Thread 45"        [_thread_blocked, id=78148, stack(0x000000833fa00000,0x000000833fb00000) (1024K)]
  0x000001cdff3f4ca0 JavaThread "Memory manager"                    [_thread_blocked, id=35104, stack(0x000000833fe00000,0x000000833ff00000) (1024K)]
  0x000001cdff3f5330 JavaThread "build event listener"              [_thread_blocked, id=40084, stack(0x000000833ff00000,0x0000008340000000) (1024K)]
  0x000001cd8dccb170 JavaThread "Execution worker"                  [_thread_blocked, id=57828, stack(0x0000008340100000,0x0000008340200000) (1024K)]
  0x000001cd8dcc7cf0 JavaThread "Execution worker Thread 2"         [_thread_blocked, id=58364, stack(0x0000008340200000,0x0000008340300000) (1024K)]
  0x000001cd8dccc520 JavaThread "Execution worker Thread 3"         [_thread_blocked, id=77128, stack(0x0000008340300000,0x0000008340400000) (1024K)]
  0x000001cd8dccbe90 JavaThread "Execution worker Thread 4"         [_thread_blocked, id=57072, stack(0x0000008340400000,0x0000008340500000) (1024K)]
  0x000001cd8dccb800 JavaThread "Execution worker Thread 5"         [_thread_blocked, id=62704, stack(0x0000008340500000,0x0000008340600000) (1024K)]
  0x000001cd8dcc90a0 JavaThread "Execution worker Thread 6"         [_thread_blocked, id=78188, stack(0x0000008340600000,0x0000008340700000) (1024K)]
  0x000001cd8dcccbb0 JavaThread "Execution worker Thread 7"         [_thread_blocked, id=67912, stack(0x0000008340700000,0x0000008340800000) (1024K)]
  0x000001cd8dcc9730 JavaThread "Execution worker Thread 8"         [_thread_blocked, id=74564, stack(0x0000008340800000,0x0000008340900000) (1024K)]
  0x000001cd8dccd240 JavaThread "Execution worker Thread 9"         [_thread_blocked, id=56576, stack(0x0000008340900000,0x0000008340a00000) (1024K)]
  0x000001cd8dccd8d0 JavaThread "Execution worker Thread 10"        [_thread_blocked, id=13416, stack(0x0000008340a00000,0x0000008340b00000) (1024K)]
  0x000001cd8dccec80 JavaThread "Execution worker Thread 11"        [_thread_blocked, id=68316, stack(0x0000008340b00000,0x0000008340c00000) (1024K)]
  0x000001cd8dccdf60 JavaThread "Execution worker Thread 12"        [_thread_blocked, id=84472, stack(0x0000008340c00000,0x0000008340d00000) (1024K)]
  0x000001cd8dcce5f0 JavaThread "Execution worker Thread 13"        [_thread_blocked, id=75416, stack(0x0000008340d00000,0x0000008340e00000) (1024K)]
  0x000001cd8dccf310 JavaThread "Execution worker Thread 14"        [_thread_blocked, id=50268, stack(0x0000008340e00000,0x0000008340f00000) (1024K)]
  0x000001cd8d6d88f0 JavaThread "Execution worker Thread 15"        [_thread_blocked, id=58396, stack(0x0000008340f00000,0x0000008341000000) (1024K)]
  0x000001cd8d6d8260 JavaThread "Cache worker for execution history cache (C:\Users\USER-5\develop\flutter\packages\flutter_tools\gradle\.gradle\8.14\executionHistory)"        [_thread_blocked, id=37828, stack(0x0000008341000000,0x0000008341100000) (1024K)]
  0x000001cd8d6d5b00 JavaThread "Unconstrained build operations Thread 46"        [_thread_blocked, id=62544, stack(0x000000833fd00000,0x000000833fe00000) (1024K)]
  0x000001cd8d6d7bd0 JavaThread "Unconstrained build operations Thread 47"        [_thread_blocked, id=68824, stack(0x0000008341100000,0x0000008341200000) (1024K)]
  0x000001cd8d6d9610 JavaThread "Unconstrained build operations Thread 48"        [_thread_blocked, id=45680, stack(0x0000008341200000,0x0000008341300000) (1024K)]
  0x000001cd8d6d8f80 JavaThread "Unconstrained build operations Thread 49"        [_thread_blocked, id=51744, stack(0x0000008341300000,0x0000008341400000) (1024K)]
  0x000001cd8d6d6820 JavaThread "Unconstrained build operations Thread 50"        [_thread_blocked, id=69020, stack(0x0000008341400000,0x0000008341500000) (1024K)]
  0x000001cd8d6d6190 JavaThread "Unconstrained build operations Thread 51"        [_thread_blocked, id=3524, stack(0x0000008341500000,0x0000008341600000) (1024K)]
  0x000001cd8d6d9ca0 JavaThread "Unconstrained build operations Thread 52"        [_thread_blocked, id=66700, stack(0x0000008341600000,0x0000008341700000) (1024K)]
  0x000001cd8d6d7540 JavaThread "Unconstrained build operations Thread 53"        [_thread_blocked, id=84816, stack(0x0000008341700000,0x0000008341800000) (1024K)]
  0x000001cd8d6da330 JavaThread "Unconstrained build operations Thread 54"        [_thread_blocked, id=60060, stack(0x0000008341800000,0x0000008341900000) (1024K)]
  0x000001cd8d6d6eb0 JavaThread "Unconstrained build operations Thread 55"        [_thread_blocked, id=83656, stack(0x0000008341900000,0x0000008341a00000) (1024K)]
  0x000001cd8d6dca90 JavaThread "Unconstrained build operations Thread 56"        [_thread_blocked, id=41248, stack(0x0000008341a00000,0x0000008341b00000) (1024K)]
  0x000001cd8d6db050 JavaThread "Unconstrained build operations Thread 57"        [_thread_blocked, id=36556, stack(0x0000008341b00000,0x0000008341c00000) (1024K)]
  0x000001cd8d6da9c0 JavaThread "Unconstrained build operations Thread 58"        [_thread_blocked, id=35836, stack(0x0000008341c00000,0x0000008341d00000) (1024K)]
  0x000001cd8d6db6e0 JavaThread "Unconstrained build operations Thread 59"        [_thread_blocked, id=21868, stack(0x0000008341d00000,0x0000008341e00000) (1024K)]
  0x000001cd8d6dd120 JavaThread "Unconstrained build operations Thread 60"        [_thread_blocked, id=42432, stack(0x0000008341e00000,0x0000008341f00000) (1024K)]
  0x000001cd8d6dbd70 JavaThread "Unconstrained build operations Thread 61"        [_thread_blocked, id=83028, stack(0x0000008341f00000,0x0000008342000000) (1024K)]
  0x000001cd8d6dc400 JavaThread "Unconstrained build operations Thread 62"        [_thread_blocked, id=17436, stack(0x0000008342000000,0x0000008342100000) (1024K)]
  0x000001cd8d8ea840 JavaThread "Unconstrained build operations Thread 63"        [_thread_blocked, id=73956, stack(0x0000008342100000,0x0000008342200000) (1024K)]
  0x000001cd8d8ebbf0 JavaThread "Unconstrained build operations Thread 64"        [_thread_blocked, id=61168, stack(0x0000008342200000,0x0000008342300000) (1024K)]
  0x000001cd8d8e8e00 JavaThread "Unconstrained build operations Thread 65"        [_thread_blocked, id=73584, stack(0x0000008342300000,0x0000008342400000) (1024K)]
  0x000001cd8d8eb560 JavaThread "Unconstrained build operations Thread 66"        [_thread_blocked, id=69228, stack(0x0000008342400000,0x0000008342500000) (1024K)]
  0x000001cd8d8e8770 JavaThread "Unconstrained build operations Thread 67"        [_thread_blocked, id=45092, stack(0x0000008342500000,0x0000008342600000) (1024K)]
  0x000001cd8d8ec910 JavaThread "Unconstrained build operations Thread 68"        [_thread_blocked, id=55800, stack(0x0000008342600000,0x0000008342700000) (1024K)]
  0x000001cd8d8ec280 JavaThread "Unconstrained build operations Thread 69"        [_thread_blocked, id=81248, stack(0x0000008342700000,0x0000008342800000) (1024K)]
  0x000001cd8d8e9490 JavaThread "Unconstrained build operations Thread 70"        [_thread_blocked, id=53816, stack(0x0000008342800000,0x0000008342900000) (1024K)]
  0x000001cd8d8ecfa0 JavaThread "Unconstrained build operations Thread 71"        [_thread_blocked, id=74512, stack(0x0000008342900000,0x0000008342a00000) (1024K)]
  0x000001cd8d8e9b20 JavaThread "Unconstrained build operations Thread 72"        [_thread_blocked, id=34340, stack(0x0000008342a00000,0x0000008342b00000) (1024K)]
  0x000001cd8d8eaed0 JavaThread "Unconstrained build operations Thread 73"        [_thread_blocked, id=75260, stack(0x0000008342b00000,0x0000008342c00000) (1024K)]
  0x000001cd8d8ed630 JavaThread "Unconstrained build operations Thread 74"        [_thread_blocked, id=83380, stack(0x0000008342c00000,0x0000008342d00000) (1024K)]
  0x000001cd8d8ea1b0 JavaThread "Unconstrained build operations Thread 75"        [_thread_blocked, id=63116, stack(0x0000008342d00000,0x0000008342e00000) (1024K)]
  0x000001cd8d8ee350 JavaThread "Unconstrained build operations Thread 76"        [_thread_blocked, id=58312, stack(0x0000008339600000,0x0000008339700000) (1024K)]
  0x000001cd8d8edcc0 JavaThread "Unconstrained build operations Thread 77"        [_thread_blocked, id=84192, stack(0x000000833fb00000,0x000000833fc00000) (1024K)]
  0x000001cd8d8ee9e0 JavaThread "Unconstrained build operations Thread 78"        [_thread_blocked, id=45604, stack(0x0000008342e00000,0x0000008342f00000) (1024K)]
  0x000001cd8d8ef070 JavaThread "Unconstrained build operations Thread 79"        [_thread_blocked, id=69664, stack(0x0000008342f00000,0x0000008343000000) (1024K)]
  0x000001cd8d8ef700 JavaThread "Unconstrained build operations Thread 80"        [_thread_blocked, id=63784, stack(0x0000008343000000,0x0000008343100000) (1024K)]
  0x000001cd8d8efd90 JavaThread "Unconstrained build operations Thread 81"        [_thread_blocked, id=65936, stack(0x0000008343100000,0x0000008343200000) (1024K)]
  0x000001cd8d2e0130 JavaThread "Unconstrained build operations Thread 82"        [_thread_blocked, id=67768, stack(0x0000008343200000,0x0000008343300000) (1024K)]
  0x000001cd8d2de060 JavaThread "Unconstrained build operations Thread 83"        [_thread_blocked, id=68012, stack(0x0000008343300000,0x0000008343400000) (1024K)]
  0x000001cd8d2ded80 JavaThread "Unconstrained build operations Thread 84"        [_thread_blocked, id=41332, stack(0x0000008343400000,0x0000008343500000) (1024K)]
  0x000001cd8d2dfaa0 JavaThread "Unconstrained build operations Thread 85"        [_thread_blocked, id=53020, stack(0x0000008343500000,0x0000008343600000) (1024K)]
  0x000001cd8d2de6f0 JavaThread "Unconstrained build operations Thread 86"        [_thread_blocked, id=66564, stack(0x0000008343600000,0x0000008343700000) (1024K)]
  0x000001cd8d2df410 JavaThread "Unconstrained build operations Thread 87"        [_thread_blocked, id=27300, stack(0x0000008343700000,0x0000008343800000) (1024K)]
  0x000001cd8d2e35b0 JavaThread "Unconstrained build operations Thread 88"        [_thread_blocked, id=63656, stack(0x0000008343800000,0x0000008343900000) (1024K)]
  0x000001cd8d2e2f20 JavaThread "Unconstrained build operations Thread 89"        [_thread_blocked, id=57152, stack(0x0000008343900000,0x0000008343a00000) (1024K)]
  0x000001cd8d2e14e0 JavaThread "Unconstrained build operations Thread 90"        [_thread_blocked, id=51536, stack(0x0000008343a00000,0x0000008343b00000) (1024K)]
  0x000001cd8d2e3c40 JavaThread "Unconstrained build operations Thread 91"        [_thread_blocked, id=74556, stack(0x0000008343c00000,0x0000008343d00000) (1024K)]
  0x000001cd8d2e07c0 JavaThread "Unconstrained build operations Thread 92"        [_thread_blocked, id=35588, stack(0x0000008343d00000,0x0000008343e00000) (1024K)]
  0x000001cd8d2e0e50 JavaThread "Unconstrained build operations Thread 93"        [_thread_blocked, id=62420, stack(0x0000008344100000,0x0000008344200000) (1024K)]
  0x000001cd8d2e4960 JavaThread "Unconstrained build operations Thread 94"        [_thread_blocked, id=66284, stack(0x0000008344200000,0x0000008344300000) (1024K)]
  0x000001cd8d2e1b70 JavaThread "Unconstrained build operations Thread 95"        [_thread_blocked, id=55864, stack(0x0000008344300000,0x0000008344400000) (1024K)]
  0x000001cd8d2e2890 JavaThread "Unconstrained build operations Thread 96"        [_thread_blocked, id=11892, stack(0x0000008344400000,0x0000008344500000) (1024K)]
  0x000001cd8d2e4ff0 JavaThread "Unconstrained build operations Thread 97"        [_thread_blocked, id=84244, stack(0x0000008344500000,0x0000008344600000) (1024K)]
  0x000001cd8d2e5680 JavaThread "Unconstrained build operations Thread 98"        [_thread_blocked, id=78916, stack(0x0000008344600000,0x0000008344700000) (1024K)]
  0x000001cd8d2e2200 JavaThread "Unconstrained build operations Thread 99"        [_thread_blocked, id=79768, stack(0x0000008344700000,0x0000008344800000) (1024K)]
  0x000001cd8f8dd560 JavaThread "Unconstrained build operations Thread 100"        [_thread_blocked, id=47336, stack(0x0000008344800000,0x0000008344900000) (1024K)]
  0x000001cd8f8dfcc0 JavaThread "Unconstrained build operations Thread 101"        [_thread_blocked, id=83036, stack(0x0000008344900000,0x0000008344a00000) (1024K)]
  0x000001cd8f8dc840 JavaThread "Unconstrained build operations Thread 102"        [_thread_blocked, id=76924, stack(0x0000008344a00000,0x0000008344b00000) (1024K)]
  0x000001cd8f8df630 JavaThread "Unconstrained build operations Thread 103"        [_thread_blocked, id=49960, stack(0x0000008344b00000,0x0000008344c00000) (1024K)]
  0x000001cd8f8defa0 JavaThread "Unconstrained build operations Thread 104"        [_thread_blocked, id=52992, stack(0x0000008344c00000,0x0000008344d00000) (1024K)]
  0x000001cd8f8e0350 JavaThread "Unconstrained build operations Thread 105"        [_thread_blocked, id=84100, stack(0x0000008344d00000,0x0000008344e00000) (1024K)]
  0x000001cd8f8dced0 JavaThread "Unconstrained build operations Thread 106"        [_thread_blocked, id=10340, stack(0x0000008344e00000,0x0000008344f00000) (1024K)]
  0x000001cd8f8de910 JavaThread "Unconstrained build operations Thread 107"        [_thread_blocked, id=46368, stack(0x0000008344f00000,0x0000008345000000) (1024K)]
  0x000001cd8f8e09e0 JavaThread "Unconstrained build operations Thread 108"        [_thread_blocked, id=53948, stack(0x0000008343e00000,0x0000008343f00000) (1024K)]
  0x000001cd8f8e1070 JavaThread "Unconstrained build operations Thread 109"        [_thread_blocked, id=73360, stack(0x0000008345000000,0x0000008345100000) (1024K)]
  0x000001cd8f8ddbf0 JavaThread "Unconstrained build operations Thread 110"        [_thread_blocked, id=16248, stack(0x0000008345100000,0x0000008345200000) (1024K)]
  0x000001cd8f8e1700 JavaThread "Unconstrained build operations Thread 111"        [_thread_blocked, id=57220, stack(0x0000008345200000,0x0000008345300000) (1024K)]
  0x000001cd8f8de280 JavaThread "Unconstrained build operations Thread 112"        [_thread_blocked, id=38332, stack(0x0000008345300000,0x0000008345400000) (1024K)]
  0x000001cd8f8e3e60 JavaThread "Unconstrained build operations Thread 113"        [_thread_blocked, id=84808, stack(0x0000008345400000,0x0000008345500000) (1024K)]
  0x000001cd8f8e2ab0 JavaThread "Unconstrained build operations Thread 114"        [_thread_blocked, id=56644, stack(0x0000008345500000,0x0000008345600000) (1024K)]
  0x000001cd8f8e1d90 JavaThread "Unconstrained build operations Thread 115"        [_thread_blocked, id=66084, stack(0x0000008345600000,0x0000008345700000) (1024K)]
  0x000001cd8f8e2420 JavaThread "Unconstrained build operations Thread 116"        [_thread_blocked, id=83768, stack(0x0000008345700000,0x0000008345800000) (1024K)]
  0x000001cd8f8e3140 JavaThread "Unconstrained build operations Thread 117"        [_thread_blocked, id=67984, stack(0x0000008345800000,0x0000008345900000) (1024K)]
  0x000001cd8f8e37d0 JavaThread "Unconstrained build operations Thread 118"        [_thread_blocked, id=49732, stack(0x0000008345900000,0x0000008345a00000) (1024K)]
  0x000001cd8c30d7c0 JavaThread "Unconstrained build operations Thread 119"        [_thread_blocked, id=30348, stack(0x0000008345a00000,0x0000008345b00000) (1024K)]
  0x000001cd8c30eb70 JavaThread "Unconstrained build operations Thread 120"        [_thread_blocked, id=61132, stack(0x0000008345b00000,0x0000008345c00000) (1024K)]
  0x000001cd8c30f200 JavaThread "Unconstrained build operations Thread 121"        [_thread_blocked, id=83760, stack(0x0000008345c00000,0x0000008345d00000) (1024K)]
  0x000001cd8c30de50 JavaThread "Unconstrained build operations Thread 122"        [_thread_blocked, id=736, stack(0x0000008345d00000,0x0000008345e00000) (1024K)]
  0x000001cd8c30e4e0 JavaThread "Unconstrained build operations Thread 123"        [_thread_blocked, id=59420, stack(0x0000008345e00000,0x0000008345f00000) (1024K)]
  0x000001cd8c30bd80 JavaThread "Unconstrained build operations Thread 124"        [_thread_blocked, id=80424, stack(0x0000008345f00000,0x0000008346000000) (1024K)]
  0x000001cd8c30c410 JavaThread "Unconstrained build operations Thread 125"        [_thread_blocked, id=77668, stack(0x0000008346100000,0x0000008346200000) (1024K)]
  0x000001cd8c30caa0 JavaThread "Unconstrained build operations Thread 126"        [_thread_blocked, id=62392, stack(0x0000008346200000,0x0000008346300000) (1024K)]
  0x000001cd8c30f890 JavaThread "Unconstrained build operations Thread 127"        [_thread_blocked, id=79500, stack(0x0000008346300000,0x0000008346400000) (1024K)]
  0x000001cd8c30ff20 JavaThread "Unconstrained build operations Thread 128"        [_thread_blocked, id=79688, stack(0x0000008346400000,0x0000008346500000) (1024K)]
  0x000001cd8c3105b0 JavaThread "Unconstrained build operations Thread 129"        [_thread_blocked, id=46332, stack(0x0000008346500000,0x0000008346600000) (1024K)]
  0x000001cd8c30d130 JavaThread "Unconstrained build operations Thread 130"        [_thread_blocked, id=49024, stack(0x0000008346600000,0x0000008346700000) (1024K)]
  0x000001cd8c312d10 JavaThread "Unconstrained build operations Thread 131"        [_thread_blocked, id=50856, stack(0x0000008346700000,0x0000008346800000) (1024K)]
  0x000001cd8c312680 JavaThread "Unconstrained build operations Thread 132"        [_thread_blocked, id=74976, stack(0x0000008346800000,0x0000008346900000) (1024K)]
  0x000001cd8c311ff0 JavaThread "Unconstrained build operations Thread 133"        [_thread_blocked, id=69344, stack(0x0000008346900000,0x0000008346a00000) (1024K)]
  0x000001cd8c3133a0 JavaThread "Unconstrained build operations Thread 134"        [_thread_blocked, id=50404, stack(0x0000008346a00000,0x0000008346b00000) (1024K)]
  0x000001cd8c313a30 JavaThread "Unconstrained build operations Thread 135"        [_thread_blocked, id=59268, stack(0x0000008346b00000,0x0000008346c00000) (1024K)]
  0x000001cd8c3112d0 JavaThread "Unconstrained build operations Thread 136"        [_thread_blocked, id=15640, stack(0x0000008346c00000,0x0000008346d00000) (1024K)]
  0x000001cd8c310c40 JavaThread "Unconstrained build operations Thread 137"        [_thread_blocked, id=39688, stack(0x0000008346d00000,0x0000008346e00000) (1024K)]
  0x000001cd8c315b00 JavaThread "build event listener"              [_thread_blocked, id=51400, stack(0x0000008344000000,0x0000008344100000) (1024K)]
  0x000001cd8df77b00 JavaThread "jar transforms"                    [_thread_blocked, id=83712, stack(0x000000833fc00000,0x000000833fd00000) (1024K)]
  0x000001cd8df7a260 JavaThread "Unconstrained build operations Thread 138"        [_thread_blocked, id=57100, stack(0x0000008346f00000,0x0000008347000000) (1024K)]
  0x000001cd8df79540 JavaThread "Unconstrained build operations Thread 139"        [_thread_blocked, id=58148, stack(0x0000008347000000,0x0000008347100000) (1024K)]
  0x000001cd8df77470 JavaThread "Unconstrained build operations Thread 140"        [_thread_blocked, id=45012, stack(0x0000008347100000,0x0000008347200000) (1024K)]
  0x000001cd8df79bd0 JavaThread "Unconstrained build operations Thread 141"        [_thread_blocked, id=60856, stack(0x0000008347200000,0x0000008347300000) (1024K)]
  0x000001cd8df76de0 JavaThread "Unconstrained build operations Thread 142"        [_thread_blocked, id=61732, stack(0x0000008347300000,0x0000008347400000) (1024K)]
  0x000001cd8df7dd70 JavaThread "Unconstrained build operations Thread 143"        [_thread_blocked, id=28540, stack(0x0000008347400000,0x0000008347500000) (1024K)]
  0x000001cd8df7d6e0 JavaThread "Unconstrained build operations Thread 144"        [_thread_blocked, id=79380, stack(0x0000008347500000,0x0000008347600000) (1024K)]
  0x000001cd8df7e400 JavaThread "Unconstrained build operations Thread 145"        [_thread_blocked, id=25628, stack(0x0000008347600000,0x0000008347700000) (1024K)]
  0x000001cd8df7c330 JavaThread "Unconstrained build operations Thread 146"        [_thread_blocked, id=50272, stack(0x0000008347700000,0x0000008347800000) (1024K)]
  0x000001cd8df7d050 JavaThread "Unconstrained build operations Thread 147"        [_thread_blocked, id=38104, stack(0x0000008347800000,0x0000008347900000) (1024K)]
  0x000001cd8df7b610 JavaThread "Unconstrained build operations Thread 148"        [_thread_blocked, id=2080, stack(0x0000008347900000,0x0000008347a00000) (1024K)]
  0x000001cd8df7a8f0 JavaThread "Unconstrained build operations Thread 149"        [_thread_blocked, id=44412, stack(0x0000008347a00000,0x0000008347b00000) (1024K)]
  0x000001cd8df7af80 JavaThread "Unconstrained build operations Thread 150"        [_thread_blocked, id=82760, stack(0x0000008347b00000,0x0000008347c00000) (1024K)]
  0x000001cd8df7c9c0 JavaThread "Unconstrained build operations Thread 151"        [_thread_blocked, id=59224, stack(0x0000008347c00000,0x0000008347d00000) (1024K)]
  0x000001cd8df7ea90 JavaThread "Unconstrained build operations Thread 152"        [_thread_blocked, id=7928, stack(0x0000008347d00000,0x0000008347e00000) (1024K)]
  0x000001cd8df7bca0 JavaThread "Unconstrained build operations Thread 153"        [_thread_blocked, id=80912, stack(0x0000008343f00000,0x0000008344000000) (1024K)]
  0x000001cd8df82c30 JavaThread "Unconstrained build operations Thread 154"        [_thread_blocked, id=57548, stack(0x0000008346000000,0x0000008346100000) (1024K)]
  0x000001cd8df81880 JavaThread "Unconstrained build operations Thread 155"        [_thread_blocked, id=77544, stack(0x0000008346e00000,0x0000008346f00000) (1024K)]
  0x000001cd8df81f10 JavaThread "Unconstrained build operations Thread 156"        [_thread_blocked, id=69932, stack(0x0000008347e00000,0x0000008347f00000) (1024K)]
  0x000001cd8df80b60 JavaThread "Unconstrained build operations Thread 157"        [_thread_blocked, id=31268, stack(0x0000008347f00000,0x0000008348000000) (1024K)]
  0x000001cd8df7f7b0 JavaThread "Unconstrained build operations Thread 158"        [_thread_blocked, id=62680, stack(0x0000008348000000,0x0000008348100000) (1024K)]
  0x000001cd8df825a0 JavaThread "Unconstrained build operations Thread 159"        [_thread_blocked, id=71120, stack(0x0000008348100000,0x0000008348200000) (1024K)]
  0x000001cd8df7fe40 JavaThread "Unconstrained build operations Thread 160"        [_thread_blocked, id=48736, stack(0x0000008348200000,0x0000008348300000) (1024K)]
  0x000001cd8df832c0 JavaThread "jar transforms Thread 2"           [_thread_blocked, id=17856, stack(0x0000008340000000,0x0000008340100000) (1024K)]
  0x000001cd8df83950 JavaThread "Problems report writer"            [_thread_blocked, id=77604, stack(0x0000008348300000,0x0000008348400000) (1024K)]
  0x000001cd91085dd0 JavaThread "jar transforms Thread 3"           [_thread_blocked, id=65068, stack(0x0000008348400000,0x0000008348500000) (1024K)]
  0x000001cd910850b0 JavaThread "jar transforms Thread 4"           [_thread_blocked, id=23560, stack(0x0000008348800000,0x0000008348900000) (1024K)]
  0x000001cd91087810 JavaThread "jar transforms Thread 5"           [_thread_blocked, id=58276, stack(0x0000008348900000,0x0000008348a00000) (1024K)]
  0x000001cd91086460 JavaThread "jar transforms Thread 6"           [_thread_blocked, id=73280, stack(0x0000008348500000,0x0000008348600000) (1024K)]
  0x000001cd91088bc0 JavaThread "jar transforms Thread 7"           [_thread_blocked, id=2036, stack(0x0000008348600000,0x0000008348700000) (1024K)]
  0x000001cd91087ea0 JavaThread "jar transforms Thread 8"           [_thread_blocked, id=14496, stack(0x0000008339700000,0x0000008339800000) (1024K)]
  0x000001cd9108a600 JavaThread "jar transforms Thread 9"           [_thread_blocked, id=69552, stack(0x0000008343b00000,0x0000008343c00000) (1024K)]
  0x000001cd91089250 JavaThread "jar transforms Thread 10"          [_thread_blocked, id=72876, stack(0x0000008348700000,0x0000008348800000) (1024K)]
  0x000001cd91087180 JavaThread "jar transforms Thread 11"          [_thread_blocked, id=50372, stack(0x0000008348d00000,0x0000008348e00000) (1024K)]
  0x000001cd9108b9b0 JavaThread "jar transforms Thread 12"          [_thread_blocked, id=76068, stack(0x0000008348e00000,0x0000008348f00000) (1024K)]
  0x000001cd9108cd60 JavaThread "jar transforms Thread 13"          [_thread_blocked, id=82020, stack(0x0000008348a00000,0x0000008348b00000) (1024K)]
  0x000001cd9108ac90 JavaThread "jar transforms Thread 14"          [_thread_blocked, id=79964, stack(0x0000008348b00000,0x0000008348c00000) (1024K)]
  0x000001cd9108d3f0 JavaThread "jar transforms Thread 15"          [_thread_blocked, id=51920, stack(0x0000008348c00000,0x0000008348d00000) (1024K)]
  0x000001cd9108b320 JavaThread "jar transforms Thread 16"          [_thread_blocked, id=64616, stack(0x0000008348f00000,0x0000008349000000) (1024K)]
  0x000001cd8cffde50 JavaThread "C2 CompilerThread1"         daemon [_thread_in_native, id=67620, stack(0x0000008349000000,0x0000008349100000) (1024K)]
  0x000001cd8dd59b90 JavaThread "C1 CompilerThread1"         daemon [_thread_blocked, id=68784, stack(0x0000008349100000,0x0000008349200000) (1024K)]
  0x000001cd8dd5c470 JavaThread "C1 CompilerThread2"         daemon [_thread_blocked, id=81356, stack(0x0000008349200000,0x0000008349300000) (1024K)]
  0x000001cd970e1b80 JavaThread "C1 CompilerThread3"         daemon [_thread_blocked, id=77392, stack(0x0000008349300000,0x0000008349400000) (1024K)]
Total: 234

Other Threads:
  0x000001cdf97dd6e0 VMThread "VM Thread"                           [id=80240, stack(0x0000008339f00000,0x000000833a000000) (1024K)]
  0x000001cdfc6319e0 WatcherThread "VM Periodic Task Thread"        [id=51892, stack(0x0000008339e00000,0x0000008339f00000) (1024K)]
  0x000001cdd3a8ecd0 WorkerThread "GC Thread#0"                     [id=84720, stack(0x0000008339900000,0x0000008339a00000) (1024K)]
  0x000001cdfd1fc840 WorkerThread "GC Thread#1"                     [id=46240, stack(0x000000833ae00000,0x000000833af00000) (1024K)]
  0x000001cdfd248f10 WorkerThread "GC Thread#2"                     [id=2844, stack(0x000000833af00000,0x000000833b000000) (1024K)]
  0x000001cdfd8f2e50 WorkerThread "GC Thread#3"                     [id=35028, stack(0x000000833b000000,0x000000833b100000) (1024K)]
  0x000001cdfd78e5c0 WorkerThread "GC Thread#4"                     [id=69284, stack(0x000000833b100000,0x000000833b200000) (1024K)]
  0x000001cdfd78e970 WorkerThread "GC Thread#5"                     [id=47452, stack(0x000000833b200000,0x000000833b300000) (1024K)]
  0x000001cdfd88fb00 WorkerThread "GC Thread#6"                     [id=15720, stack(0x000000833b300000,0x000000833b400000) (1024K)]
  0x000001cdfd045640 WorkerThread "GC Thread#7"                     [id=54576, stack(0x000000833b400000,0x000000833b500000) (1024K)]
  0x000001cdfd0459f0 WorkerThread "GC Thread#8"                     [id=58000, stack(0x000000833b500000,0x000000833b600000) (1024K)]
  0x000001cdfd88feb0 WorkerThread "GC Thread#9"                     [id=48016, stack(0x000000833b600000,0x000000833b700000) (1024K)]
  0x000001cdfd890260 WorkerThread "GC Thread#10"                    [id=44596, stack(0x000000833b700000,0x000000833b800000) (1024K)]
  0x000001cdfd890610 WorkerThread "GC Thread#11"                    [id=57048, stack(0x000000833b800000,0x000000833b900000) (1024K)]
  0x000001cdfd8909c0 WorkerThread "GC Thread#12"                    [id=53728, stack(0x000000833b900000,0x000000833ba00000) (1024K)]
  0x000001cdf95e4090 ConcurrentGCThread "G1 Main Marker"            [id=53724, stack(0x0000008339a00000,0x0000008339b00000) (1024K)]
  0x000001cdf95e4ab0 WorkerThread "G1 Conc#0"                       [id=81436, stack(0x0000008339b00000,0x0000008339c00000) (1024K)]
  0x000001cdfd940970 WorkerThread "G1 Conc#1"                       [id=63828, stack(0x000000833ac00000,0x000000833ad00000) (1024K)]
  0x000001cdfd941be0 WorkerThread "G1 Conc#2"                       [id=69872, stack(0x000000833c500000,0x000000833c600000) (1024K)]
  0x000001cdf971a6e0 ConcurrentGCThread "G1 Refine#0"               [id=72324, stack(0x0000008339c00000,0x0000008339d00000) (1024K)]
  0x000001cdf971c180 ConcurrentGCThread "G1 Service"                [id=82684, stack(0x0000008339d00000,0x0000008339e00000) (1024K)]
Total: 21

Threads with active compile tasks:
C2 CompilerThread0  228092 16896       4       org.gradle.api.internal.attributes.DefaultMutableAttributeContainer::attribute (13 bytes)
Total: 1

VM state: not at safepoint (normal execution)

VM Mutex/Monitor currently owned by a thread: None

Heap address: 0x0000000600000000, size: 8192 MB, Compressed Oops mode: Zero based, Oop shift amount: 3

CDS archive(s) not mapped
Compressed class space mapped at: 0x0000000800000000-0x0000000840000000, reserved size: 1073741824
Narrow klass base: 0x0000000800000000, Narrow klass shift: 0, Narrow klass range: 0x40000000

GC Precious Log:
 CardTable entry size: 512
 Card Set container configuration: InlinePtr #cards 4 size 8 Array Of Cards #cards 32 size 80 Howl #buckets 8 coarsen threshold 7372 Howl Bitmap #cards 1024 size 144 coarsen threshold 921 Card regions per heap region 1 cards per card region 8192
 CPUs: 16 total, 16 available
 Memory: 65447M
 Large Page Support: Disabled
 NUMA Support: Disabled
 Compressed Oops: Enabled (Zero based)
 Heap Region Size: 4M
 Heap Min Capacity: 8M
 Heap Initial Capacity: 1G
 Heap Max Capacity: 8G
 Pre-touch: Disabled
 Parallel Workers: 13
 Concurrent Workers: 3
 Concurrent Refinement Workers: 13
 Periodic GC: Disabled

Heap:
 garbage-first heap   total 479232K, used 208679K [0x0000000600000000, 0x0000000800000000)
  region size 4096K, 10 young (40960K), 3 survivors (12288K)
 Metaspace       used 125146K, committed 127424K, reserved 1179648K
  class space    used 17662K, committed 18752K, reserved 1048576K

Heap Regions: E=young(eden), S=young(survivor), O=old, HS=humongous(starts), HC=humongous(continues), CS=collection set, F=free, TAMS=top-at-mark-start, PB=parsable bottom
|   0|0x0000000600000000, 0x0000000600400000, 0x0000000600400000|100%|HS|  |TAMS 0x0000000600000000| PB 0x0000000600000000| Complete 
|   1|0x0000000600400000, 0x0000000600800000, 0x0000000600800000|100%| O|  |TAMS 0x0000000600400000| PB 0x0000000600400000| Untracked 
|   2|0x0000000600800000, 0x0000000600c00000, 0x0000000600c00000|100%| O|  |TAMS 0x0000000600800000| PB 0x0000000600800000| Untracked 
|   3|0x0000000600c00000, 0x0000000601000000, 0x0000000601000000|100%| O|  |TAMS 0x0000000600c00000| PB 0x0000000600c00000| Untracked 
|   4|0x0000000601000000, 0x0000000601400000, 0x0000000601400000|100%| O|  |TAMS 0x0000000601000000| PB 0x0000000601000000| Untracked 
|   5|0x0000000601400000, 0x0000000601800000, 0x0000000601800000|100%| O|  |TAMS 0x0000000601400000| PB 0x0000000601400000| Untracked 
|   6|0x0000000601800000, 0x0000000601c00000, 0x0000000601c00000|100%|HS|  |TAMS 0x0000000601800000| PB 0x0000000601800000| Complete 
|   7|0x0000000601c00000, 0x0000000602000000, 0x0000000602000000|100%| O|  |TAMS 0x0000000601c00000| PB 0x0000000601c00000| Untracked 
|   8|0x0000000602000000, 0x0000000602400000, 0x0000000602400000|100%| O|  |TAMS 0x0000000602000000| PB 0x0000000602000000| Untracked 
|   9|0x0000000602400000, 0x0000000602800000, 0x0000000602800000|100%|HS|  |TAMS 0x0000000602400000| PB 0x0000000602400000| Complete 
|  10|0x0000000602800000, 0x0000000602c00000, 0x0000000602c00000|100%| O|  |TAMS 0x0000000602800000| PB 0x0000000602800000| Untracked 
|  11|0x0000000602c00000, 0x0000000603000000, 0x0000000603000000|100%| O|  |TAMS 0x0000000602c00000| PB 0x0000000602c00000| Untracked 
|  12|0x0000000603000000, 0x0000000603400000, 0x0000000603400000|100%| O|  |TAMS 0x0000000603000000| PB 0x0000000603000000| Untracked 
|  13|0x0000000603400000, 0x0000000603800000, 0x0000000603800000|100%| O|  |TAMS 0x0000000603400000| PB 0x0000000603400000| Untracked 
|  14|0x0000000603800000, 0x0000000603c00000, 0x0000000603c00000|100%| O|  |TAMS 0x0000000603800000| PB 0x0000000603800000| Untracked 
|  15|0x0000000603c00000, 0x0000000604000000, 0x0000000604000000|100%| O|  |TAMS 0x0000000603c00000| PB 0x0000000603c00000| Untracked 
|  16|0x0000000604000000, 0x0000000604400000, 0x0000000604400000|100%| O|  |TAMS 0x0000000604000000| PB 0x0000000604000000| Untracked 
|  17|0x0000000604400000, 0x0000000604800000, 0x0000000604800000|100%| O|  |TAMS 0x0000000604400000| PB 0x0000000604400000| Untracked 
|  18|0x0000000604800000, 0x0000000604c00000, 0x0000000604c00000|100%| O|  |TAMS 0x0000000604800000| PB 0x0000000604800000| Untracked 
|  19|0x0000000604c00000, 0x0000000605000000, 0x0000000605000000|100%| O|  |TAMS 0x0000000604c00000| PB 0x0000000604c00000| Untracked 
|  20|0x0000000605000000, 0x0000000605400000, 0x0000000605400000|100%| O|  |TAMS 0x0000000605000000| PB 0x0000000605000000| Untracked 
|  21|0x0000000605400000, 0x0000000605800000, 0x0000000605800000|100%| O|  |TAMS 0x0000000605400000| PB 0x0000000605400000| Untracked 
|  22|0x0000000605800000, 0x0000000605c00000, 0x0000000605c00000|100%| O|  |TAMS 0x0000000605800000| PB 0x0000000605800000| Untracked 
|  23|0x0000000605c00000, 0x0000000606000000, 0x0000000606000000|100%| O|  |TAMS 0x0000000605c00000| PB 0x0000000605c00000| Untracked 
|  24|0x0000000606000000, 0x0000000606400000, 0x0000000606400000|100%| O|  |TAMS 0x0000000606000000| PB 0x0000000606000000| Untracked 
|  25|0x0000000606400000, 0x0000000606800000, 0x0000000606800000|100%| O|  |TAMS 0x0000000606400000| PB 0x0000000606400000| Untracked 
|  26|0x0000000606800000, 0x0000000606acf910, 0x0000000606c00000| 70%| O|Cm|TAMS 0x0000000606800000| PB 0x0000000606800000| Complete 
|  27|0x0000000606c00000, 0x0000000607000000, 0x0000000607000000|100%|HS|  |TAMS 0x0000000606c00000| PB 0x0000000606c00000| Complete 
|  28|0x0000000607000000, 0x0000000607400000, 0x0000000607400000|100%| O|  |TAMS 0x0000000607000000| PB 0x0000000607000000| Untracked 
|  29|0x0000000607400000, 0x0000000607800000, 0x0000000607800000|100%| O|  |TAMS 0x0000000607400000| PB 0x0000000607400000| Untracked 
|  30|0x0000000607800000, 0x0000000607c00000, 0x0000000607c00000|100%| O|  |TAMS 0x0000000607800000| PB 0x0000000607800000| Untracked 
|  31|0x0000000607c00000, 0x0000000608000000, 0x0000000608000000|100%| O|  |TAMS 0x0000000607c00000| PB 0x0000000607c00000| Untracked 
|  32|0x0000000608000000, 0x0000000608400000, 0x0000000608400000|100%| O|  |TAMS 0x0000000608000000| PB 0x0000000608000000| Untracked 
|  33|0x0000000608400000, 0x0000000608800000, 0x0000000608800000|100%| O|  |TAMS 0x0000000608400000| PB 0x0000000608400000| Untracked 
|  34|0x0000000608800000, 0x0000000608c00000, 0x0000000608c00000|100%| O|  |TAMS 0x0000000608800000| PB 0x0000000608800000| Untracked 
|  35|0x0000000608c00000, 0x0000000609000000, 0x0000000609000000|100%| O|  |TAMS 0x0000000608c00000| PB 0x0000000608c00000| Untracked 
|  36|0x0000000609000000, 0x0000000609400000, 0x0000000609400000|100%| O|  |TAMS 0x0000000609000000| PB 0x0000000609000000| Untracked 
|  37|0x0000000609400000, 0x00000006096d96a0, 0x0000000609800000| 71%| O|  |TAMS 0x0000000609400000| PB 0x0000000609400000| Untracked 
|  38|0x0000000609800000, 0x0000000609c00000, 0x0000000609c00000|100%|HS|  |TAMS 0x0000000609800000| PB 0x0000000609800000| Complete 
|  39|0x0000000609c00000, 0x0000000609c00000, 0x000000060a000000|  0%| F|  |TAMS 0x0000000609c00000| PB 0x0000000609c00000| Untracked 
|  40|0x000000060a000000, 0x000000060a000000, 0x000000060a400000|  0%| F|  |TAMS 0x000000060a000000| PB 0x000000060a000000| Untracked 
|  41|0x000000060a400000, 0x000000060a400000, 0x000000060a800000|  0%| F|  |TAMS 0x000000060a400000| PB 0x000000060a400000| Untracked 
|  42|0x000000060a800000, 0x000000060a800000, 0x000000060ac00000|  0%| F|  |TAMS 0x000000060a800000| PB 0x000000060a800000| Untracked 
|  43|0x000000060ac00000, 0x000000060ac00000, 0x000000060b000000|  0%| F|  |TAMS 0x000000060ac00000| PB 0x000000060ac00000| Untracked 
|  44|0x000000060b000000, 0x000000060b000000, 0x000000060b400000|  0%| F|  |TAMS 0x000000060b000000| PB 0x000000060b000000| Untracked 
|  45|0x000000060b400000, 0x000000060b800000, 0x000000060b800000|100%| O|  |TAMS 0x000000060b400000| PB 0x000000060b400000| Untracked 
|  46|0x000000060b800000, 0x000000060bc00000, 0x000000060bc00000|100%| O|  |TAMS 0x000000060b800000| PB 0x000000060b800000| Untracked 
|  47|0x000000060bc00000, 0x000000060bc00000, 0x000000060c000000|  0%| F|  |TAMS 0x000000060bc00000| PB 0x000000060bc00000| Untracked 
|  48|0x000000060c000000, 0x000000060c000000, 0x000000060c400000|  0%| F|  |TAMS 0x000000060c000000| PB 0x000000060c000000| Untracked 
|  49|0x000000060c400000, 0x000000060c400000, 0x000000060c800000|  0%| F|  |TAMS 0x000000060c400000| PB 0x000000060c400000| Untracked 
|  50|0x000000060c800000, 0x000000060c800000, 0x000000060cc00000|  0%| F|  |TAMS 0x000000060c800000| PB 0x000000060c800000| Untracked 
|  51|0x000000060cc00000, 0x000000060cc00000, 0x000000060d000000|  0%| F|  |TAMS 0x000000060cc00000| PB 0x000000060cc00000| Untracked 
|  52|0x000000060d000000, 0x000000060d000000, 0x000000060d400000|  0%| F|  |TAMS 0x000000060d000000| PB 0x000000060d000000| Untracked 
|  53|0x000000060d400000, 0x000000060d400000, 0x000000060d800000|  0%| F|  |TAMS 0x000000060d400000| PB 0x000000060d400000| Untracked 
|  54|0x000000060d800000, 0x000000060d800000, 0x000000060dc00000|  0%| F|  |TAMS 0x000000060d800000| PB 0x000000060d800000| Untracked 
|  55|0x000000060dc00000, 0x000000060dc00000, 0x000000060e000000|  0%| F|  |TAMS 0x000000060dc00000| PB 0x000000060dc00000| Untracked 
|  56|0x000000060e000000, 0x000000060e000000, 0x000000060e400000|  0%| F|  |TAMS 0x000000060e000000| PB 0x000000060e000000| Untracked 
|  57|0x000000060e400000, 0x000000060e400000, 0x000000060e800000|  0%| F|  |TAMS 0x000000060e400000| PB 0x000000060e400000| Untracked 
|  58|0x000000060e800000, 0x000000060e800000, 0x000000060ec00000|  0%| F|  |TAMS 0x000000060e800000| PB 0x000000060e800000| Untracked 
|  59|0x000000060ec00000, 0x000000060ec00000, 0x000000060f000000|  0%| F|  |TAMS 0x000000060ec00000| PB 0x000000060ec00000| Untracked 
|  60|0x000000060f000000, 0x000000060f000000, 0x000000060f400000|  0%| F|  |TAMS 0x000000060f000000| PB 0x000000060f000000| Untracked 
|  61|0x000000060f400000, 0x000000060f400000, 0x000000060f800000|  0%| F|  |TAMS 0x000000060f400000| PB 0x000000060f400000| Untracked 
|  62|0x000000060f800000, 0x000000060f800000, 0x000000060fc00000|  0%| F|  |TAMS 0x000000060f800000| PB 0x000000060f800000| Untracked 
|  63|0x000000060fc00000, 0x000000060fc00000, 0x0000000610000000|  0%| F|  |TAMS 0x000000060fc00000| PB 0x000000060fc00000| Untracked 
|  64|0x0000000610000000, 0x0000000610000000, 0x0000000610400000|  0%| F|  |TAMS 0x0000000610000000| PB 0x0000000610000000| Untracked 
|  65|0x0000000610400000, 0x0000000610400000, 0x0000000610800000|  0%| F|  |TAMS 0x0000000610400000| PB 0x0000000610400000| Untracked 
|  66|0x0000000610800000, 0x0000000610800000, 0x0000000610c00000|  0%| F|  |TAMS 0x0000000610800000| PB 0x0000000610800000| Untracked 
|  67|0x0000000610c00000, 0x0000000610c00000, 0x0000000611000000|  0%| F|  |TAMS 0x0000000610c00000| PB 0x0000000610c00000| Untracked 
|  68|0x0000000611000000, 0x0000000611000000, 0x0000000611400000|  0%| F|  |TAMS 0x0000000611000000| PB 0x0000000611000000| Untracked 
|  69|0x0000000611400000, 0x0000000611400000, 0x0000000611800000|  0%| F|  |TAMS 0x0000000611400000| PB 0x0000000611400000| Untracked 
|  70|0x0000000611800000, 0x0000000611800000, 0x0000000611c00000|  0%| F|  |TAMS 0x0000000611800000| PB 0x0000000611800000| Untracked 
|  71|0x0000000611c00000, 0x0000000611e20d90, 0x0000000612000000| 53%| S|CS|TAMS 0x0000000611c00000| PB 0x0000000611c00000| Complete 
|  72|0x0000000612000000, 0x0000000612400000, 0x0000000612400000|100%| S|CS|TAMS 0x0000000612000000| PB 0x0000000612000000| Complete 
|  73|0x0000000612400000, 0x0000000612800000, 0x0000000612800000|100%| S|CS|TAMS 0x0000000612400000| PB 0x0000000612400000| Complete 
|  74|0x0000000612800000, 0x0000000612800000, 0x0000000612c00000|  0%| F|  |TAMS 0x0000000612800000| PB 0x0000000612800000| Untracked 
|  75|0x0000000612c00000, 0x0000000612c00000, 0x0000000613000000|  0%| F|  |TAMS 0x0000000612c00000| PB 0x0000000612c00000| Untracked 
|  76|0x0000000613000000, 0x0000000613000000, 0x0000000613400000|  0%| F|  |TAMS 0x0000000613000000| PB 0x0000000613000000| Untracked 
|  77|0x0000000613400000, 0x0000000613400000, 0x0000000613800000|  0%| F|  |TAMS 0x0000000613400000| PB 0x0000000613400000| Untracked 
|  78|0x0000000613800000, 0x0000000613800000, 0x0000000613c00000|  0%| F|  |TAMS 0x0000000613800000| PB 0x0000000613800000| Untracked 
|  79|0x0000000613c00000, 0x0000000613c00000, 0x0000000614000000|  0%| F|  |TAMS 0x0000000613c00000| PB 0x0000000613c00000| Untracked 
|  80|0x0000000614000000, 0x0000000614000000, 0x0000000614400000|  0%| F|  |TAMS 0x0000000614000000| PB 0x0000000614000000| Untracked 
|  81|0x0000000614400000, 0x0000000614400000, 0x0000000614800000|  0%| F|  |TAMS 0x0000000614400000| PB 0x0000000614400000| Untracked 
|  82|0x0000000614800000, 0x0000000614800000, 0x0000000614c00000|  0%| F|  |TAMS 0x0000000614800000| PB 0x0000000614800000| Untracked 
|  83|0x0000000614c00000, 0x0000000614c00000, 0x0000000615000000|  0%| F|  |TAMS 0x0000000614c00000| PB 0x0000000614c00000| Untracked 
|  84|0x0000000615000000, 0x0000000615000000, 0x0000000615400000|  0%| F|  |TAMS 0x0000000615000000| PB 0x0000000615000000| Untracked 
|  85|0x0000000615400000, 0x0000000615400000, 0x0000000615800000|  0%| F|  |TAMS 0x0000000615400000| PB 0x0000000615400000| Untracked 
|  86|0x0000000615800000, 0x0000000615800000, 0x0000000615c00000|  0%| F|  |TAMS 0x0000000615800000| PB 0x0000000615800000| Untracked 
|  87|0x0000000615c00000, 0x0000000615c00000, 0x0000000616000000|  0%| F|  |TAMS 0x0000000615c00000| PB 0x0000000615c00000| Untracked 
|  88|0x0000000616000000, 0x0000000616000000, 0x0000000616400000|  0%| F|  |TAMS 0x0000000616000000| PB 0x0000000616000000| Untracked 
|  89|0x0000000616400000, 0x0000000616400000, 0x0000000616800000|  0%| F|  |TAMS 0x0000000616400000| PB 0x0000000616400000| Untracked 
|  90|0x0000000616800000, 0x0000000616800000, 0x0000000616c00000|  0%| F|  |TAMS 0x0000000616800000| PB 0x0000000616800000| Untracked 
|  91|0x0000000616c00000, 0x0000000616c00000, 0x0000000617000000|  0%| F|  |TAMS 0x0000000616c00000| PB 0x0000000616c00000| Untracked 
|  92|0x0000000617000000, 0x0000000617000000, 0x0000000617400000|  0%| F|  |TAMS 0x0000000617000000| PB 0x0000000617000000| Untracked 
|  93|0x0000000617400000, 0x0000000617400000, 0x0000000617800000|  0%| F|  |TAMS 0x0000000617400000| PB 0x0000000617400000| Untracked 
|  94|0x0000000617800000, 0x0000000617800000, 0x0000000617c00000|  0%| F|  |TAMS 0x0000000617800000| PB 0x0000000617800000| Untracked 
|  95|0x0000000617c00000, 0x0000000617c00000, 0x0000000618000000|  0%| F|  |TAMS 0x0000000617c00000| PB 0x0000000617c00000| Untracked 
|  96|0x0000000618000000, 0x0000000618000000, 0x0000000618400000|  0%| F|  |TAMS 0x0000000618000000| PB 0x0000000618000000| Untracked 
|  97|0x0000000618400000, 0x0000000618400000, 0x0000000618800000|  0%| F|  |TAMS 0x0000000618400000| PB 0x0000000618400000| Untracked 
|  98|0x0000000618800000, 0x0000000618800000, 0x0000000618c00000|  0%| F|  |TAMS 0x0000000618800000| PB 0x0000000618800000| Untracked 
|  99|0x0000000618c00000, 0x0000000618c00000, 0x0000000619000000|  0%| F|  |TAMS 0x0000000618c00000| PB 0x0000000618c00000| Untracked 
| 100|0x0000000619000000, 0x0000000619000000, 0x0000000619400000|  0%| F|  |TAMS 0x0000000619000000| PB 0x0000000619000000| Untracked 
| 101|0x0000000619400000, 0x0000000619400000, 0x0000000619800000|  0%| F|  |TAMS 0x0000000619400000| PB 0x0000000619400000| Untracked 
| 102|0x0000000619800000, 0x0000000619800000, 0x0000000619c00000|  0%| F|  |TAMS 0x0000000619800000| PB 0x0000000619800000| Untracked 
| 103|0x0000000619c00000, 0x0000000619c00000, 0x000000061a000000|  0%| F|  |TAMS 0x0000000619c00000| PB 0x0000000619c00000| Untracked 
| 104|0x000000061a000000, 0x000000061a000000, 0x000000061a400000|  0%| F|  |TAMS 0x000000061a000000| PB 0x000000061a000000| Untracked 
| 105|0x000000061a400000, 0x000000061a400000, 0x000000061a800000|  0%| F|  |TAMS 0x000000061a400000| PB 0x000000061a400000| Untracked 
| 106|0x000000061a800000, 0x000000061a800000, 0x000000061ac00000|  0%| F|  |TAMS 0x000000061a800000| PB 0x000000061a800000| Untracked 
| 107|0x000000061ac00000, 0x000000061ac00000, 0x000000061b000000|  0%| F|  |TAMS 0x000000061ac00000| PB 0x000000061ac00000| Untracked 
| 136|0x0000000622000000, 0x0000000622369a50, 0x0000000622400000| 85%| E|  |TAMS 0x0000000622000000| PB 0x0000000622000000| Complete 
| 137|0x0000000622400000, 0x0000000622800000, 0x0000000622800000|100%| E|CS|TAMS 0x0000000622400000| PB 0x0000000622400000| Complete 
| 138|0x0000000622800000, 0x0000000622c00000, 0x0000000622c00000|100%| E|CS|TAMS 0x0000000622800000| PB 0x0000000622800000| Complete 
| 139|0x0000000622c00000, 0x0000000623000000, 0x0000000623000000|100%| E|CS|TAMS 0x0000000622c00000| PB 0x0000000622c00000| Complete 
| 140|0x0000000623000000, 0x0000000623400000, 0x0000000623400000|100%| E|CS|TAMS 0x0000000623000000| PB 0x0000000623000000| Complete 
| 254|0x000000063f800000, 0x000000063fc00000, 0x000000063fc00000|100%| E|CS|TAMS 0x000000063f800000| PB 0x000000063f800000| Complete 
| 255|0x000000063fc00000, 0x0000000640000000, 0x0000000640000000|100%| E|CS|TAMS 0x000000063fc00000| PB 0x000000063fc00000| Complete 
|2046|0x00000007ff800000, 0x00000007ffc00000, 0x00000007ffc00000|100%| O|Cm|TAMS 0x00000007ff800000| PB 0x00000007ff800000| Complete 
|2047|0x00000007ffc00000, 0x0000000800000000, 0x0000000800000000|100%| O|  |TAMS 0x00000007ffc00000| PB 0x00000007ffc00000| Untracked 

Card table byte_map: [0x000001cdf85e0000,0x000001cdf95e0000] _byte_map_base: 0x000001cdf55e0000

Marking Bits: (CMBitMap*) 0x000001cdd3a8f2f0
 Bits: [0x000001cd80000000, 0x000001cd88000000)

Polling page: 0x000001cdd1990000

Metaspace:

Usage:
  Non-class:    104.96 MB used.
      Class:     17.25 MB used.
       Both:    122.21 MB used.

Virtual space:
  Non-class space:      128.00 MB reserved,     106.12 MB ( 83%) committed,  2 nodes.
      Class space:        1.00 GB reserved,      18.31 MB (  2%) committed,  1 nodes.
             Both:        1.12 GB reserved,     124.44 MB ( 11%) committed. 

Chunk freelists:
   Non-Class:  5.79 MB
       Class:  13.63 MB
        Both:  19.42 MB

MaxMetaspaceSize: 4.00 GB
CompressedClassSpaceSize: 1.00 GB
Initial GC threshold: 21.00 MB
Current GC threshold: 207.19 MB
CDS: off
 - commit_granule_bytes: 65536.
 - commit_granule_words: 8192.
 - virtual_space_node_default_size: 8388608.
 - enlarge_chunks_in_place: 1.
 - use_allocation_guard: 0.


Internal statistics:

num_allocs_failed_limit: 9.
num_arena_births: 4368.
num_arena_deaths: 0.
num_vsnodes_births: 3.
num_vsnodes_deaths: 0.
num_space_committed: 1991.
num_space_uncommitted: 0.
num_chunks_returned_to_freelist: 9.
num_chunks_taken_from_freelist: 9844.
num_chunk_merges: 9.
num_chunk_splits: 6456.
num_chunks_enlarged: 4099.
num_inconsistent_stats: 0.

CodeHeap 'non-profiled nmethods': size=258432Kb used=9728Kb max_used=10854Kb free=248703Kb
 bounds [0x000001cde6ee0000, 0x000001cde7980000, 0x000001cdf6b40000]
CodeHeap 'profiled nmethods': size=258368Kb used=24939Kb max_used=28829Kb free=233428Kb
 bounds [0x000001cdd6b40000, 0x000001cdd8770000, 0x000001cde6790000]
CodeHeap 'non-nmethods': size=7488Kb used=4445Kb max_used=4494Kb free=3042Kb
 bounds [0x000001cde6790000, 0x000001cde6c70000, 0x000001cde6ee0000]
CodeCache: size=524288Kb, used=39112Kb, max_used=44177Kb, free=485173Kb
 total_blobs=13341, nmethods=12309, adapters=932, full_count=0
Compilation: enabled, stopped_count=0, restarted_count=0

Compilation events (20 events):
Event: 226.043 Thread 0x000001cd970e1b80 16935       3       com.android.build.gradle.internal.scope.ArtifactPublishingUtil$publishArtifactToConfiguration$1::<init> (26 bytes)
Event: 226.043 Thread 0x000001cd8dd5c470 16936       3       org.gradle.api.internal.artifacts.configurations.DefaultConfigurationPublications::variants (11 bytes)
Event: 226.043 Thread 0x000001cd970e1b80 nmethod 16935 0x000001cdd6ba2f10 code [0x000001cdd6ba30c0, 0x000001cdd6ba33b8]
Event: 226.043 Thread 0x000001cd970e1b80 16937       3       com.android.build.gradle.internal.scope.ArtifactPublishingUtil$publishArtifactToConfiguration$1::execute (9 bytes)
Event: 226.043 Thread 0x000001cd8dd5c470 nmethod 16936 0x000001cdd6c45510 code [0x000001cdd6c456e0, 0x000001cdd6c45980]
Event: 226.043 Thread 0x000001cd8dd5c470 16938       3       com.android.build.gradle.internal.scope.ArtifactPublishingUtil$publishArtifactToConfiguration$1::execute (47 bytes)
Event: 226.043 Thread 0x000001cd970e1b80 nmethod 16937 0x000001cdd6c44c90 code [0x000001cdd6c44e40, 0x000001cdd6c45088]
Event: 226.043 Thread 0x000001cd970e1b80 16939       3       com.android.build.gradle.internal.scope.ArtifactPublishingUtil::access$getConfigurationVariantName (6 bytes)
Event: 226.043 Thread 0x000001cd8dd59b90 nmethod 16929 0x000001cdd7606710 code [0x000001cdd7606aa0, 0x000001cdd76080b0]
Event: 226.043 Thread 0x000001cd8dd59b90 16940       3       com.android.build.gradle.internal.scope.ArtifactPublishingUtil::getConfigurationVariantName (25 bytes)
Event: 226.044 Thread 0x000001cd970e1b80 nmethod 16939 0x000001cdd6c33090 code [0x000001cdd6c33380, 0x000001cdd6c34190]
Event: 226.044 Thread 0x000001cd970e1b80 16933       3       org.gradle.api.internal.artifacts.configurations.DefaultVariant_Decorated::$gradleInitAttach (1 bytes)
Event: 226.044 Thread 0x000001cd970e1b80 nmethod 16933 0x000001cdd6d23310 code [0x000001cdd6d234a0, 0x000001cdd6d235a8]
Event: 226.044 Thread 0x000001cd970e1b80 16934       3       org.gradle.api.internal.artifacts.publish.DecoratingPublishArtifact_Decorated::setType (12 bytes)
Event: 226.044 Thread 0x000001cd970e1b80 nmethod 16934 0x000001cdd6bb2a10 code [0x000001cdd6bb2bc0, 0x000001cdd6bb2d38]
Event: 226.044 Thread 0x000001cd970e1b80 16944       3       com.android.build.gradle.internal.scope.ArtifactPublishingUtil$publishArtifactToConfiguration$1$1::<init> (20 bytes)
Event: 226.044 Thread 0x000001cd970e1b80 nmethod 16944 0x000001cdd6c66c10 code [0x000001cdd6c66dc0, 0x000001cdd6c67058]
Event: 226.044 Thread 0x000001cd970e1b80 16945       3       com.android.build.gradle.internal.scope.ArtifactPublishingUtil$publishArtifactToConfiguration$1$1::execute (9 bytes)
Event: 226.044 Thread 0x000001cd970e1b80 nmethod 16945 0x000001cdd6c9f910 code [0x000001cdd6c9fac0, 0x000001cdd6c9fd08]
Event: 226.044 Thread 0x000001cd970e1b80 16946       3       com.android.build.gradle.internal.scope.ArtifactPublishingUtil$publishArtifactToConfiguration$1$1::execute (64 bytes)

GC Heap History (20 events):
Event: 100.960 GC heap before
{Heap before GC invocations=39 (full 0):
 garbage-first heap   total 139264K, used 113419K [0x0000000600000000, 0x0000000800000000)
  region size 4096K, 11 young (45056K), 2 survivors (8192K)
 Metaspace       used 87109K, committed 89024K, reserved 1179648K
  class space    used 12486K, committed 13440K, reserved 1048576K
}
Event: 100.964 GC heap after
{Heap after GC invocations=40 (full 0):
 garbage-first heap   total 143360K, used 91858K [0x0000000600000000, 0x0000000800000000)
  region size 4096K, 2 young (8192K), 2 survivors (8192K)
 Metaspace       used 87109K, committed 89024K, reserved 1179648K
  class space    used 12486K, committed 13440K, reserved 1048576K
}
Event: 101.236 GC heap before
{Heap before GC invocations=40 (full 0):
 garbage-first heap   total 143360K, used 116434K [0x0000000600000000, 0x0000000800000000)
  region size 4096K, 9 young (36864K), 2 survivors (8192K)
 Metaspace       used 87722K, committed 89728K, reserved 1179648K
  class space    used 12586K, committed 13568K, reserved 1048576K
}
Event: 101.240 GC heap after
{Heap after GC invocations=41 (full 0):
 garbage-first heap   total 143360K, used 100520K [0x0000000600000000, 0x0000000800000000)
  region size 4096K, 2 young (8192K), 2 survivors (8192K)
 Metaspace       used 87722K, committed 89728K, reserved 1179648K
  class space    used 12586K, committed 13568K, reserved 1048576K
}
Event: 101.413 GC heap before
{Heap before GC invocations=42 (full 0):
 garbage-first heap   total 172032K, used 121000K [0x0000000600000000, 0x0000000800000000)
  region size 4096K, 7 young (28672K), 2 survivors (8192K)
 Metaspace       used 89083K, committed 91008K, reserved 1179648K
  class space    used 12735K, committed 13696K, reserved 1048576K
}
Event: 101.415 GC heap after
{Heap after GC invocations=43 (full 0):
 garbage-first heap   total 172032K, used 101241K [0x0000000600000000, 0x0000000800000000)
  region size 4096K, 1 young (4096K), 1 survivors (4096K)
 Metaspace       used 89083K, committed 91008K, reserved 1179648K
  class space    used 12735K, committed 13696K, reserved 1048576K
}
Event: 101.825 GC heap before
{Heap before GC invocations=43 (full 0):
 garbage-first heap   total 172032K, used 142201K [0x0000000600000000, 0x0000000800000000)
  region size 4096K, 11 young (45056K), 1 survivors (4096K)
 Metaspace       used 93215K, committed 95104K, reserved 1179648K
  class space    used 13208K, committed 14144K, reserved 1048576K
}
Event: 101.829 GC heap after
{Heap after GC invocations=44 (full 0):
 garbage-first heap   total 610304K, used 100160K [0x0000000600000000, 0x0000000800000000)
  region size 4096K, 2 young (8192K), 2 survivors (8192K)
 Metaspace       used 93215K, committed 95104K, reserved 1179648K
  class space    used 13208K, committed 14144K, reserved 1048576K
}
Event: 122.553 GC heap before
{Heap before GC invocations=44 (full 0):
 garbage-first heap   total 610304K, used 427840K [0x0000000600000000, 0x0000000800000000)
  region size 4096K, 83 young (339968K), 2 survivors (8192K)
 Metaspace       used 114554K, committed 116608K, reserved 1179648K
  class space    used 16270K, committed 17280K, reserved 1048576K
}
Event: 122.561 GC heap after
{Heap after GC invocations=45 (full 0):
 garbage-first heap   total 610304K, used 117604K [0x0000000600000000, 0x0000000800000000)
  region size 4096K, 6 young (24576K), 6 survivors (24576K)
 Metaspace       used 114554K, committed 116608K, reserved 1179648K
  class space    used 16270K, committed 17280K, reserved 1048576K
}
Event: 167.810 GC heap before
{Heap before GC invocations=45 (full 0):
 garbage-first heap   total 610304K, used 453476K [0x0000000600000000, 0x0000000800000000)
  region size 4096K, 89 young (364544K), 6 survivors (24576K)
 Metaspace       used 120504K, committed 122688K, reserved 1179648K
  class space    used 16955K, committed 18048K, reserved 1048576K
}
Event: 167.820 GC heap after
{Heap after GC invocations=46 (full 0):
 garbage-first heap   total 610304K, used 128531K [0x0000000600000000, 0x0000000800000000)
  region size 4096K, 8 young (32768K), 8 survivors (32768K)
 Metaspace       used 120504K, committed 122688K, reserved 1179648K
  class space    used 16955K, committed 18048K, reserved 1048576K
}
Event: 168.064 GC heap before
{Heap before GC invocations=46 (full 0):
 garbage-first heap   total 610304K, used 149011K [0x0000000600000000, 0x0000000800000000)
  region size 4096K, 14 young (57344K), 8 survivors (32768K)
 Metaspace       used 122159K, committed 124352K, reserved 1179648K
  class space    used 17155K, committed 18240K, reserved 1048576K
}
Event: 168.073 GC heap after
{Heap after GC invocations=47 (full 0):
 garbage-first heap   total 610304K, used 136837K [0x0000000600000000, 0x0000000800000000)
  region size 4096K, 5 young (20480K), 5 survivors (20480K)
 Metaspace       used 122159K, committed 124352K, reserved 1179648K
  class space    used 17155K, committed 18240K, reserved 1048576K
}
Event: 187.164 GC heap before
{Heap before GC invocations=48 (full 0):
 garbage-first heap   total 479232K, used 407173K [0x0000000600000000, 0x0000000800000000)
  region size 4096K, 70 young (286720K), 5 survivors (20480K)
 Metaspace       used 124152K, committed 126400K, reserved 1179648K
  class space    used 17558K, committed 18688K, reserved 1048576K
}
Event: 187.173 GC heap after
{Heap after GC invocations=49 (full 0):
 garbage-first heap   total 479232K, used 159625K [0x0000000600000000, 0x0000000800000000)
  region size 4096K, 9 young (36864K), 9 survivors (36864K)
 Metaspace       used 124152K, committed 126400K, reserved 1179648K
  class space    used 17558K, committed 18688K, reserved 1048576K
}
Event: 211.851 GC heap before
{Heap before GC invocations=49 (full 0):
 garbage-first heap   total 479232K, used 405385K [0x0000000600000000, 0x0000000800000000)
  region size 4096K, 70 young (286720K), 9 survivors (36864K)
 Metaspace       used 124837K, committed 127168K, reserved 1179648K
  class space    used 17631K, committed 18752K, reserved 1048576K
}
Event: 211.863 GC heap after
{Heap after GC invocations=50 (full 0):
 garbage-first heap   total 479232K, used 174672K [0x0000000600000000, 0x0000000800000000)
  region size 4096K, 5 young (20480K), 5 survivors (20480K)
 Metaspace       used 124837K, committed 127168K, reserved 1179648K
  class space    used 17631K, committed 18752K, reserved 1048576K
}
Event: 216.653 GC heap before
{Heap before GC invocations=50 (full 0):
 garbage-first heap   total 479232K, used 334416K [0x0000000600000000, 0x0000000800000000)
  region size 4096K, 46 young (188416K), 5 survivors (20480K)
 Metaspace       used 124880K, committed 127168K, reserved 1179648K
  class space    used 17634K, committed 18752K, reserved 1048576K
}
Event: 216.658 GC heap after
{Heap after GC invocations=51 (full 0):
 garbage-first heap   total 479232K, used 180007K [0x0000000600000000, 0x0000000800000000)
  region size 4096K, 3 young (12288K), 3 survivors (12288K)
 Metaspace       used 124880K, committed 127168K, reserved 1179648K
  class space    used 17634K, committed 18752K, reserved 1048576K
}

Dll operation events (3 events):
Event: 0.057 Loaded shared library C:\Program Files\Android\Android Studio\jbr\bin\java.dll
Event: 0.072 Loaded shared library C:\Program Files\Android\Android Studio\jbr\bin\zip.dll
Event: 2.524 Loaded shared library C:\Program Files\Android\Android Studio\jbr\bin\verify.dll

Deoptimization events (20 events):
Event: 216.744 Thread 0x000001cdff1c6980 Uncommon trap: trap_request=0xffffffc6 fr.pc=0x000001cde6fa0eec relative=0x000000000000032c
Event: 216.744 Thread 0x000001cdff1c6980 Uncommon trap: reason=bimorphic_or_optimized_type_check action=maybe_recompile pc=0x000001cde6fa0eec method=java.util.stream.StreamOpFlag.fromCharacteristics(Ljava/util/Spliterator;)I @ 14 c2
Event: 216.744 Thread 0x000001cdff1c6980 DEOPT PACKING pc=0x000001cde6fa0eec sp=0x000000833c1f53d0
Event: 216.744 Thread 0x000001cdff1c6980 DEOPT UNPACKING pc=0x000001cde67e4422 sp=0x000000833c1f5320 mode 2
Event: 226.006 Thread 0x000001cdff1c6980 Uncommon trap: trap_request=0xffffffbe fr.pc=0x000001cde6f2d864 relative=0x0000000000000d24
Event: 226.006 Thread 0x000001cdff1c6980 Uncommon trap: reason=profile_predicate action=maybe_recompile pc=0x000001cde6f2d864 method=org.gradle.api.internal.attributes.DefaultMutableAttributeContainer.checkInsertionAllowed(Lorg/gradle/api/attributes/Attribute;)V @ 58 c2
Event: 226.006 Thread 0x000001cdff1c6980 DEOPT PACKING pc=0x000001cde6f2d864 sp=0x000000833c1f9340
Event: 226.006 Thread 0x000001cdff1c6980 DEOPT UNPACKING pc=0x000001cde67e4422 sp=0x000000833c1f92e8 mode 2
Event: 226.006 Thread 0x000001cdff1c6980 Uncommon trap: trap_request=0xffffffbe fr.pc=0x000001cde6f2d864 relative=0x0000000000000d24
Event: 226.006 Thread 0x000001cdff1c6980 Uncommon trap: reason=profile_predicate action=maybe_recompile pc=0x000001cde6f2d864 method=org.gradle.api.internal.attributes.DefaultMutableAttributeContainer.checkInsertionAllowed(Lorg/gradle/api/attributes/Attribute;)V @ 58 c2
Event: 226.006 Thread 0x000001cdff1c6980 DEOPT PACKING pc=0x000001cde6f2d864 sp=0x000000833c1f9340
Event: 226.006 Thread 0x000001cdff1c6980 DEOPT UNPACKING pc=0x000001cde67e4422 sp=0x000000833c1f92e8 mode 2
Event: 226.006 Thread 0x000001cdff1c6980 Uncommon trap: trap_request=0xffffffbe fr.pc=0x000001cde6f2d864 relative=0x0000000000000d24
Event: 226.006 Thread 0x000001cdff1c6980 Uncommon trap: reason=profile_predicate action=maybe_recompile pc=0x000001cde6f2d864 method=org.gradle.api.internal.attributes.DefaultMutableAttributeContainer.checkInsertionAllowed(Lorg/gradle/api/attributes/Attribute;)V @ 58 c2
Event: 226.006 Thread 0x000001cdff1c6980 DEOPT PACKING pc=0x000001cde6f2d864 sp=0x000000833c1f9340
Event: 226.006 Thread 0x000001cdff1c6980 DEOPT UNPACKING pc=0x000001cde67e4422 sp=0x000000833c1f92e8 mode 2
Event: 226.007 Thread 0x000001cdff1c6980 Uncommon trap: trap_request=0xffffffbe fr.pc=0x000001cde6f2d864 relative=0x0000000000000d24
Event: 226.007 Thread 0x000001cdff1c6980 Uncommon trap: reason=profile_predicate action=maybe_recompile pc=0x000001cde6f2d864 method=org.gradle.api.internal.attributes.DefaultMutableAttributeContainer.checkInsertionAllowed(Lorg/gradle/api/attributes/Attribute;)V @ 58 c2
Event: 226.007 Thread 0x000001cdff1c6980 DEOPT PACKING pc=0x000001cde6f2d864 sp=0x000000833c1f9290
Event: 226.007 Thread 0x000001cdff1c6980 DEOPT UNPACKING pc=0x000001cde67e4422 sp=0x000000833c1f9238 mode 2

Classes loaded (20 events):
Event: 202.929 Loading class java/util/regex/MatcherCustomizer
Event: 202.929 Loading class java/util/regex/MatcherCustomizer done
Event: 202.929 Loading class java/util/regex/MatcherCustomizer
Event: 202.929 Loading class java/util/regex/MatcherCustomizer done
Event: 216.694 Loading class java/util/ArrayListBeanInfo
Event: 216.694 Loading class java/util/ArrayListBeanInfo done
Event: 216.694 Loading class java/util/ArrayListBeanInfo
Event: 216.694 Loading class java/util/ArrayListBeanInfo done
Event: 216.694 Loading class java/util/AbstractListBeanInfo
Event: 216.694 Loading class java/util/AbstractListBeanInfo done
Event: 216.694 Loading class java/util/AbstractListBeanInfo
Event: 216.694 Loading class java/util/AbstractListBeanInfo done
Event: 216.694 Loading class java/util/AbstractListCustomizer
Event: 216.694 Loading class java/util/AbstractListCustomizer done
Event: 216.694 Loading class java/util/AbstractListCustomizer
Event: 216.695 Loading class java/util/AbstractListCustomizer done
Event: 216.696 Loading class java/util/ArrayListCustomizer
Event: 216.696 Loading class java/util/ArrayListCustomizer done
Event: 216.696 Loading class java/util/ArrayListCustomizer
Event: 216.696 Loading class java/util/ArrayListCustomizer done

Classes unloaded (0 events):
No events

Classes redefined (0 events):
No events

Internal exceptions (20 events):
Event: 226.003 Thread 0x000001cdff1c6980 Exception <a 'sun/nio/fs/WindowsException'{0x0000000622a0eed0}> (0x0000000622a0eed0) 
thrown [s\src\hotspot\share\prims\jni.cpp, line 537]
Event: 226.003 Thread 0x000001cdff1c6980 Exception <a 'sun/nio/fs/WindowsException'{0x0000000622a10538}> (0x0000000622a10538) 
thrown [s\src\hotspot\share\prims\jni.cpp, line 537]
Event: 226.003 Thread 0x000001cdff1c6980 Exception <a 'sun/nio/fs/WindowsException'{0x0000000622a11d60}> (0x0000000622a11d60) 
thrown [s\src\hotspot\share\prims\jni.cpp, line 537]
Event: 226.003 Thread 0x000001cdff1c6980 Exception <a 'sun/nio/fs/WindowsException'{0x0000000622a133c8}> (0x0000000622a133c8) 
thrown [s\src\hotspot\share\prims\jni.cpp, line 537]
Event: 226.003 Thread 0x000001cdff1c6980 Exception <a 'sun/nio/fs/WindowsException'{0x0000000622a175a0}> (0x0000000622a175a0) 
thrown [s\src\hotspot\share\prims\jni.cpp, line 537]
Event: 226.003 Thread 0x000001cdff1c6980 Exception <a 'sun/nio/fs/WindowsException'{0x0000000622a18eb8}> (0x0000000622a18eb8) 
thrown [s\src\hotspot\share\prims\jni.cpp, line 537]
Event: 226.003 Thread 0x000001cdff1c6980 Exception <a 'sun/nio/fs/WindowsException'{0x0000000622a1c840}> (0x0000000622a1c840) 
thrown [s\src\hotspot\share\prims\jni.cpp, line 537]
Event: 226.003 Thread 0x000001cdff1c6980 Exception <a 'sun/nio/fs/WindowsException'{0x0000000622a1e158}> (0x0000000622a1e158) 
thrown [s\src\hotspot\share\prims\jni.cpp, line 537]
Event: 226.004 Thread 0x000001cdff1c6980 Exception <a 'sun/nio/fs/WindowsException'{0x0000000622a20518}> (0x0000000622a20518) 
thrown [s\src\hotspot\share\prims\jni.cpp, line 537]
Event: 226.004 Thread 0x000001cdff1c6980 Exception <a 'sun/nio/fs/WindowsException'{0x0000000622a21e30}> (0x0000000622a21e30) 
thrown [s\src\hotspot\share\prims\jni.cpp, line 537]
Event: 226.004 Thread 0x000001cdff1c6980 Exception <a 'sun/nio/fs/WindowsException'{0x0000000622a25ca0}> (0x0000000622a25ca0) 
thrown [s\src\hotspot\share\prims\jni.cpp, line 537]
Event: 226.004 Thread 0x000001cdff1c6980 Exception <a 'sun/nio/fs/WindowsException'{0x0000000622a27308}> (0x0000000622a27308) 
thrown [s\src\hotspot\share\prims\jni.cpp, line 537]
Event: 226.004 Thread 0x000001cdff1c6980 Exception <a 'sun/nio/fs/WindowsException'{0x0000000622a2a9c8}> (0x0000000622a2a9c8) 
thrown [s\src\hotspot\share\prims\jni.cpp, line 537]
Event: 226.004 Thread 0x000001cdff1c6980 Exception <a 'sun/nio/fs/WindowsException'{0x0000000622a2c030}> (0x0000000622a2c030) 
thrown [s\src\hotspot\share\prims\jni.cpp, line 537]
Event: 226.004 Thread 0x000001cdff1c6980 Exception <a 'sun/nio/fs/WindowsException'{0x0000000622a2e140}> (0x0000000622a2e140) 
thrown [s\src\hotspot\share\prims\jni.cpp, line 537]
Event: 226.004 Thread 0x000001cdff1c6980 Exception <a 'sun/nio/fs/WindowsException'{0x0000000622a2f7a8}> (0x0000000622a2f7a8) 
thrown [s\src\hotspot\share\prims\jni.cpp, line 537]
Event: 226.004 Thread 0x000001cdff1c6980 Exception <a 'sun/nio/fs/WindowsException'{0x0000000622a31d90}> (0x0000000622a31d90) 
thrown [s\src\hotspot\share\prims\jni.cpp, line 537]
Event: 226.004 Thread 0x000001cdff1c6980 Exception <a 'sun/nio/fs/WindowsException'{0x0000000622a333f8}> (0x0000000622a333f8) 
thrown [s\src\hotspot\share\prims\jni.cpp, line 537]
Event: 226.004 Thread 0x000001cdff1c6980 Exception <a 'sun/nio/fs/WindowsException'{0x0000000622a34c20}> (0x0000000622a34c20) 
thrown [s\src\hotspot\share\prims\jni.cpp, line 537]
Event: 226.004 Thread 0x000001cdff1c6980 Exception <a 'sun/nio/fs/WindowsException'{0x0000000622a36288}> (0x0000000622a36288) 
thrown [s\src\hotspot\share\prims\jni.cpp, line 537]

ZGC Phase Switch (0 events):
No events

VM Operations (20 events):
Event: 210.994 Executing safepoint VM operation: Cleanup done
Event: 211.851 Executing safepoint VM operation: G1CollectForAllocation (G1 Evacuation Pause)
Event: 211.863 Executing safepoint VM operation: G1CollectForAllocation (G1 Evacuation Pause) done
Event: 212.864 Executing safepoint VM operation: Cleanup
Event: 212.864 Executing safepoint VM operation: Cleanup done
Event: 213.865 Executing safepoint VM operation: Cleanup
Event: 213.865 Executing safepoint VM operation: Cleanup done
Event: 215.869 Executing safepoint VM operation: Cleanup
Event: 215.869 Executing safepoint VM operation: Cleanup done
Event: 216.653 Executing safepoint VM operation: G1TryInitiateConcMark (G1 Humongous Allocation)
Event: 216.658 Executing safepoint VM operation: G1TryInitiateConcMark (G1 Humongous Allocation) done
Event: 216.727 Executing safepoint VM operation: G1PauseRemark
Event: 216.734 Executing safepoint VM operation: G1PauseRemark done
Event: 216.755 Executing safepoint VM operation: G1PauseCleanup
Event: 216.755 Executing safepoint VM operation: G1PauseCleanup done
Event: 219.790 Executing safepoint VM operation: Cleanup
Event: 219.790 Executing safepoint VM operation: Cleanup done
Event: 224.835 Executing safepoint VM operation: Cleanup
Event: 224.835 Executing safepoint VM operation: Cleanup done
Event: 226.852 Executing safepoint VM operation: Cleanup

Memory protections (0 events):
No events

Nmethod flushes (20 events):
Event: 216.732 Thread 0x000001cdf97dd6e0 flushing  nmethod 0x000001cdd771aa10
Event: 216.732 Thread 0x000001cdf97dd6e0 flushing  nmethod 0x000001cdd771f590
Event: 216.732 Thread 0x000001cdf97dd6e0 flushing  nmethod 0x000001cdd771fb90
Event: 216.732 Thread 0x000001cdf97dd6e0 flushing  nmethod 0x000001cdd7720210
Event: 216.732 Thread 0x000001cdf97dd6e0 flushing  nmethod 0x000001cdd7728590
Event: 216.732 Thread 0x000001cdf97dd6e0 flushing  nmethod 0x000001cdd772a310
Event: 216.732 Thread 0x000001cdf97dd6e0 flushing  nmethod 0x000001cdd7833010
Event: 216.732 Thread 0x000001cdf97dd6e0 flushing  nmethod 0x000001cdd7835790
Event: 216.732 Thread 0x000001cdf97dd6e0 flushing  nmethod 0x000001cdd7835c10
Event: 216.732 Thread 0x000001cdf97dd6e0 flushing  nmethod 0x000001cdd7837c90
Event: 216.732 Thread 0x000001cdf97dd6e0 flushing  nmethod 0x000001cdd78d1490
Event: 216.732 Thread 0x000001cdf97dd6e0 flushing  nmethod 0x000001cdd78d1810
Event: 216.732 Thread 0x000001cdf97dd6e0 flushing  nmethod 0x000001cdd78d1c10
Event: 216.732 Thread 0x000001cdf97dd6e0 flushing  nmethod 0x000001cdd7e56f90
Event: 216.732 Thread 0x000001cdf97dd6e0 flushing  nmethod 0x000001cdd7e58e10
Event: 216.732 Thread 0x000001cdf97dd6e0 flushing  nmethod 0x000001cdd7e59390
Event: 216.732 Thread 0x000001cdf97dd6e0 flushing  nmethod 0x000001cdd7e59790
Event: 216.732 Thread 0x000001cdf97dd6e0 flushing  nmethod 0x000001cdd7e59e10
Event: 216.732 Thread 0x000001cdf97dd6e0 flushing  nmethod 0x000001cdd805b110
Event: 216.732 Thread 0x000001cdf97dd6e0 flushing  nmethod 0x000001cdd8478990

Events (20 events):
Event: 211.703 Thread 0x000001cd8dd59b90 Thread exited: 0x000001cd8dd59b90
Event: 211.703 Thread 0x000001cd8dd5c470 Thread exited: 0x000001cd8dd5c470
Event: 211.706 Thread 0x000001cd8cffde50 Thread exited: 0x000001cd8cffde50
Event: 211.729 Thread 0x000001cdfc79a140 Thread added: 0x000001cd8dd5c470
Event: 211.750 Thread 0x000001cdfc79a140 Thread added: 0x000001cd8dd59b90
Event: 211.774 Thread 0x000001cdfc793ed0 Thread added: 0x000001cd8cffde50
Event: 213.081 Thread 0x000001cdff1c6980 Thread added: 0x000001cd9108b9b0
Event: 213.824 Thread 0x000001cd8dd5c470 Thread exited: 0x000001cd8dd5c470
Event: 214.869 Thread 0x000001cdff1c6980 Thread added: 0x000001cd9108cd60
Event: 215.072 Thread 0x000001cd8cffde50 Thread exited: 0x000001cd8cffde50
Event: 215.072 Thread 0x000001cd8dd59b90 Thread exited: 0x000001cd8dd59b90
Event: 216.293 Thread 0x000001cdff1c6980 Thread added: 0x000001cd9108ac90
Event: 216.697 Thread 0x000001cdfc79a140 Thread added: 0x000001cd8cffde50
Event: 217.109 Thread 0x000001cd8cffde50 Thread exited: 0x000001cd8cffde50
Event: 223.612 Thread 0x000001cdff1c6980 Thread added: 0x000001cd9108d3f0
Event: 225.694 Thread 0x000001cdff1c6980 Thread added: 0x000001cd9108b320
Event: 226.029 Thread 0x000001cdfc79a140 Thread added: 0x000001cd8cffde50
Event: 226.042 Thread 0x000001cdfc79a140 Thread added: 0x000001cd8dd59b90
Event: 226.042 Thread 0x000001cdfc79a140 Thread added: 0x000001cd8dd5c470
Event: 226.042 Thread 0x000001cdfc79a140 Thread added: 0x000001cd970e1b80


Dynamic libraries:
0x00007ff69d890000 - 0x00007ff69d89a000 	C:\Program Files\Android\Android Studio\jbr\bin\java.exe
0x00007ffc9d7c0000 - 0x00007ffc9da27000 	C:\WINDOWS\SYSTEM32\ntdll.dll
0x00007ffc9d1e0000 - 0x00007ffc9d2a9000 	C:\WINDOWS\System32\KERNEL32.DLL
0x00007ffc9abc0000 - 0x00007ffc9afb4000 	C:\WINDOWS\System32\KERNELBASE.dll
0x00007ffc9b290000 - 0x00007ffc9b3db000 	C:\WINDOWS\System32\ucrtbase.dll
0x00007ffc8eac0000 - 0x00007ffc8ead8000 	C:\Program Files\Android\Android Studio\jbr\bin\jli.dll
0x00007ffc9ce60000 - 0x00007ffc9d025000 	C:\WINDOWS\System32\USER32.dll
0x00007ffc9b1a0000 - 0x00007ffc9b1c7000 	C:\WINDOWS\System32\win32u.dll
0x00007ffc6e0e0000 - 0x00007ffc6e0fb000 	C:\Program Files\Android\Android Studio\jbr\bin\VCRUNTIME140.dll
0x00007ffc9bd30000 - 0x00007ffc9bd5b000 	C:\WINDOWS\System32\GDI32.dll
0x00007ffc9afc0000 - 0x00007ffc9b0ea000 	C:\WINDOWS\System32\gdi32full.dll
0x00007ffc7d450000 - 0x00007ffc7d6e3000 	C:\WINDOWS\WinSxS\amd64_microsoft.windows.common-controls_6595b64144ccf1df_6.0.26100.8115_none_3e075c82e3354f9c\COMCTL32.dll
0x00007ffc9b0f0000 - 0x00007ffc9b193000 	C:\WINDOWS\System32\msvcp_win.dll
0x00007ffc9d6d0000 - 0x00007ffc9d779000 	C:\WINDOWS\System32\msvcrt.dll
0x00007ffc9d1a0000 - 0x00007ffc9d1d2000 	C:\WINDOWS\System32\IMM32.DLL
0x00007ffc743a0000 - 0x00007ffc743ac000 	C:\Program Files\Android\Android Studio\jbr\bin\vcruntime140_1.dll
0x00007ffc3ca40000 - 0x00007ffc3cacd000 	C:\Program Files\Android\Android Studio\jbr\bin\msvcp140.dll
0x00007ffbaff90000 - 0x00007ffbb0c26000 	C:\Program Files\Android\Android Studio\jbr\bin\server\jvm.dll
0x00007ffc9c0f0000 - 0x00007ffc9c1a6000 	C:\WINDOWS\System32\ADVAPI32.dll
0x00007ffc9d560000 - 0x00007ffc9d607000 	C:\WINDOWS\System32\sechost.dll
0x00007ffc9d420000 - 0x00007ffc9d538000 	C:\WINDOWS\System32\RPCRT4.dll
0x00007ffc9d2b0000 - 0x00007ffc9d330000 	C:\WINDOWS\System32\WS2_32.dll
0x00007ffc99d40000 - 0x00007ffc99d9e000 	C:\WINDOWS\SYSTEM32\POWRPROF.dll
0x00007ffc90380000 - 0x00007ffc903b6000 	C:\WINDOWS\SYSTEM32\WINMM.dll
0x00007ffc95b20000 - 0x00007ffc95b2b000 	C:\WINDOWS\SYSTEM32\VERSION.dll
0x00007ffc99c60000 - 0x00007ffc99c74000 	C:\WINDOWS\SYSTEM32\UMPDC.dll
0x00007ffc98de0000 - 0x00007ffc98dfb000 	C:\WINDOWS\SYSTEM32\kernel.appcore.dll
0x00007ffc72c00000 - 0x00007ffc72c0a000 	C:\Program Files\Android\Android Studio\jbr\bin\jimage.dll
0x00007ffc8f8f0000 - 0x00007ffc8fb32000 	C:\WINDOWS\SYSTEM32\DBGHELP.DLL
0x00007ffc9b840000 - 0x00007ffc9bbc2000 	C:\WINDOWS\System32\combase.dll
0x00007ffc9d030000 - 0x00007ffc9d107000 	C:\WINDOWS\System32\OLEAUT32.dll
0x00007ffc82400000 - 0x00007ffc8243b000 	C:\WINDOWS\SYSTEM32\dbgcore.DLL
0x00007ffc9ab10000 - 0x00007ffc9abb5000 	C:\WINDOWS\System32\bcryptPrimitives.dll
0x00007ffc936d0000 - 0x00007ffc936de000 	C:\Program Files\Android\Android Studio\jbr\bin\instrument.dll
0x00007ffc6e0c0000 - 0x00007ffc6e0e0000 	C:\Program Files\Android\Android Studio\jbr\bin\java.dll
0x00007ffc6da30000 - 0x00007ffc6da48000 	C:\Program Files\Android\Android Studio\jbr\bin\zip.dll
0x00007ffc9c6f0000 - 0x00007ffc9ce56000 	C:\WINDOWS\System32\SHELL32.dll
0x00007ffc9b3e0000 - 0x00007ffc9b54a000 	C:\WINDOWS\System32\wintypes.dll
0x00007ffc9a090000 - 0x00007ffc9a8f5000 	C:\WINDOWS\System32\windows.storage.dll
0x00007ffc9b740000 - 0x00007ffc9b837000 	C:\WINDOWS\System32\SHCORE.dll
0x00007ffc9c1f0000 - 0x00007ffc9c256000 	C:\WINDOWS\System32\shlwapi.dll
0x00007ffc99fb0000 - 0x00007ffc99fd9000 	C:\WINDOWS\SYSTEM32\profapi.dll
0x00007ffc71650000 - 0x00007ffc71660000 	C:\Program Files\Android\Android Studio\jbr\bin\net.dll
0x00007ffc95640000 - 0x00007ffc9576d000 	C:\WINDOWS\SYSTEM32\WINHTTP.dll
0x00007ffc99330000 - 0x00007ffc9939c000 	C:\WINDOWS\system32\mswsock.dll
0x00007ffc6c010000 - 0x00007ffc6c026000 	C:\Program Files\Android\Android Studio\jbr\bin\nio.dll
0x00007ffc6be90000 - 0x00007ffc6bea0000 	C:\Program Files\Android\Android Studio\jbr\bin\verify.dll
0x00007ffc79be0000 - 0x00007ffc79c07000 	C:\Users\USER-5\.gradle\native\1def1411415f61bf3af743bc5b6707747c0891f09f0c88961ee8f79bc544acac\windows-amd64\native-platform.dll
0x00007ffc3c690000 - 0x00007ffc3c708000 	C:\Users\USER-5\.gradle\native\0.2.7\x86_64-windows-gnu\gradle-fileevents.dll
0x00007ffc6e250000 - 0x00007ffc6e259000 	C:\Program Files\Android\Android Studio\jbr\bin\management.dll
0x00007ffc6da20000 - 0x00007ffc6da2b000 	C:\Program Files\Android\Android Studio\jbr\bin\management_ext.dll
0x00007ffc9b730000 - 0x00007ffc9b738000 	C:\WINDOWS\System32\PSAPI.DLL
0x00007ffc986e0000 - 0x00007ffc98712000 	C:\WINDOWS\SYSTEM32\IPHLPAPI.DLL
0x00007ffc9d550000 - 0x00007ffc9d55a000 	C:\WINDOWS\System32\NSI.dll
0x00007ffc6e4b0000 - 0x00007ffc6e4b9000 	C:\Program Files\Android\Android Studio\jbr\bin\extnet.dll
0x00007ffc99730000 - 0x00007ffc9974b000 	C:\WINDOWS\SYSTEM32\CRYPTSP.dll
0x00007ffc98d40000 - 0x00007ffc98d79000 	C:\WINDOWS\system32\rsaenh.dll
0x00007ffc993e0000 - 0x00007ffc99413000 	C:\WINDOWS\SYSTEM32\USERENV.dll
0x00007ffc99f80000 - 0x00007ffc99faa000 	C:\WINDOWS\SYSTEM32\bcrypt.dll
0x00007ffc99590000 - 0x00007ffc9959c000 	C:\WINDOWS\SYSTEM32\CRYPTBASE.dll
0x00007ffc57d30000 - 0x00007ffc57d38000 	C:\WINDOWS\system32\wshunix.dll
0x00007ffc41c10000 - 0x00007ffc41c28000 	C:\WINDOWS\system32\napinsp.dll
0x00007ffc98850000 - 0x00007ffc98982000 	C:\WINDOWS\SYSTEM32\DNSAPI.dll
0x00007ffc41c30000 - 0x00007ffc41c43000 	C:\WINDOWS\System32\winrnr.dll
0x00007ffc41c50000 - 0x00007ffc41c72000 	C:\WINDOWS\system32\nlansp_c.dll
0x00007ffc77310000 - 0x00007ffc77326000 	C:\WINDOWS\system32\wshbth.dll
0x00007ffc82bb0000 - 0x00007ffc82bbb000 	C:\Windows\System32\rasadhlp.dll
0x00007ffc94cb0000 - 0x00007ffc94d36000 	C:\WINDOWS\System32\fwpuclnt.dll

JVMTI agents:
C:\Users\USER-5\.gradle\wrapper\dists\gradle-8.14-all\c2qonpi39x1mddn7hk5gh9iqj\gradle-8.14\lib\agents\gradle-instrumentation-agent-8.14.jar path:C:\Program Files\Android\Android Studio\jbr\bin\instrument.dll, loaded, initialized, instrumentlib options:none

dbghelp: loaded successfully - version: 4.0.5 - missing functions: none
symbol engine: initialized successfully - sym options: 0x614 - pdb path: .;C:\Program Files\Android\Android Studio\jbr\bin;C:\WINDOWS\SYSTEM32;C:\WINDOWS\WinSxS\amd64_microsoft.windows.common-controls_6595b64144ccf1df_6.0.26100.8115_none_3e075c82e3354f9c;C:\Program Files\Android\Android Studio\jbr\bin\server;C:\Users\USER-5\.gradle\native\1def1411415f61bf3af743bc5b6707747c0891f09f0c88961ee8f79bc544acac\windows-amd64;C:\Users\USER-5\.gradle\native\0.2.7\x86_64-windows-gnu

VM Arguments:
jvm_args: --add-opens=java.base/java.lang=ALL-UNNAMED --add-opens=java.base/java.lang.invoke=ALL-UNNAMED --add-opens=java.base/java.util=ALL-UNNAMED --add-opens=java.prefs/java.util.prefs=ALL-UNNAMED --add-exports=jdk.compiler/com.sun.tools.javac.api=ALL-UNNAMED --add-exports=jdk.compiler/com.sun.tools.javac.util=ALL-UNNAMED --add-opens=java.base/java.util=ALL-UNNAMED --add-opens=java.prefs/java.util.prefs=ALL-UNNAMED --add-opens=java.base/java.nio.charset=ALL-UNNAMED --add-opens=java.base/java.net=ALL-UNNAMED --add-opens=java.base/java.util.concurrent.atomic=ALL-UNNAMED --add-opens=java.xml/javax.xml.namespace=ALL-UNNAMED -XX:MaxMetaspaceSize=4G -XX:ReservedCodeCacheSize=512m -XX:+HeapDumpOnOutOfMemoryError -Xmx8G -Dfile.encoding=UTF-8 -Duser.country=KR -Duser.language=ko -Duser.variant -javaagent:C:\Users\USER-5\.gradle\wrapper\dists\gradle-8.14-all\c2qonpi39x1mddn7hk5gh9iqj\gradle-8.14\lib\agents\gradle-instrumentation-agent-8.14.jar 
java_command: org.gradle.launcher.daemon.bootstrap.GradleDaemon 8.14
java_class_path (initial): C:\Users\USER-5\.gradle\wrapper\dists\gradle-8.14-all\c2qonpi39x1mddn7hk5gh9iqj\gradle-8.14\lib\gradle-daemon-main-8.14.jar
Launcher Type: SUN_STANDARD

[Global flags]
     intx CICompilerCount                          = 12                                        {product} {ergonomic}
     uint ConcGCThreads                            = 3                                         {product} {ergonomic}
     uint G1ConcRefinementThreads                  = 13                                        {product} {ergonomic}
   size_t G1HeapRegionSize                         = 4194304                                   {product} {ergonomic}
    uintx GCDrainStackTargetSize                   = 64                                        {product} {ergonomic}
     bool HeapDumpOnOutOfMemoryError               = true                                   {manageable} {command line}
   size_t InitialHeapSize                          = 1073741824                                {product} {ergonomic}
   size_t MarkStackSize                            = 4194304                                   {product} {ergonomic}
   size_t MaxHeapSize                              = 8589934592                                {product} {command line}
   size_t MaxMetaspaceSize                         = 4294967296                                {product} {command line}
   size_t MaxNewSize                               = 5150605312                                {product} {ergonomic}
   size_t MinHeapDeltaBytes                        = 4194304                                   {product} {ergonomic}
   size_t MinHeapSize                              = 8388608                                   {product} {ergonomic}
    uintx NonNMethodCodeHeapSize                   = 7602480                                {pd product} {ergonomic}
    uintx NonProfiledCodeHeapSize                  = 264634216                              {pd product} {ergonomic}
    uintx ProfiledCodeHeapSize                     = 264634216                              {pd product} {ergonomic}
    uintx ReservedCodeCacheSize                    = 536870912                              {pd product} {command line}
     bool SegmentedCodeCache                       = true                                      {product} {ergonomic}
   size_t SoftMaxHeapSize                          = 8589934592                             {manageable} {ergonomic}
     bool UseCompressedOops                        = true                           {product lp64_product} {ergonomic}
     bool UseG1GC                                  = true                                      {product} {ergonomic}
     bool UseLargePagesIndividualAllocation        = false                                  {pd product} {ergonomic}

Logging:
Log output configuration:
 #0: stdout all=warning uptime,level,tags foldmultilines=false
 #1: stderr all=off uptime,level,tags foldmultilines=false

Release file:
JAVA_VERSION="21.0.10" 
MODULES="java.base java.compiler java.datatransfer java.xml java.prefs java.desktop java.instrument java.logging java.management java.security.sasl java.naming java.rmi java.management.rmi java.net.http java.scripting java.security.jgss java.transaction.xa java.sql java.sql.rowset java.xml.crypto java.se java.smartcardio jdk.accessibility jdk.internal.jvmstat jdk.attach jdk.charsets jdk.internal.opt jdk.zipfs jdk.compiler jdk.crypto.ec jdk.crypto.cryptoki jdk.dynalink jdk.hotspot.agent jdk.httpserver jdk.internal.ed jdk.internal.le jdk.internal.vm.ci jdk.jartool jdk.javadoc jdk.jcmd jdk.jdeps jdk.jdwp.agent jdk.jdi jdk.jfr jdk.jlink jdk.jsobject jdk.localedata jdk.management jdk.management.agent jdk.management.jfr jdk.naming.dns jdk.naming.rmi jdk.net jdk.sctp jdk.security.auth jdk.security.jgss jdk.unsupported jdk.unsupported.desktop jdk.xml.dom" 
IMPLEMENTOR="JetBrains s.r.o." 
JAVA_RUNTIME_VERSION="21.0.10+-14961533-b1163.108" 
LIBC="default" 
OS_ARCH="x86_64" 
OS_NAME="Windows" 
SOURCE=".:git:1351622c2ff2" 

Environment Variables:
JAVA_HOME=C:\Program Files\Android\Android Studio\jbr
CLASSPATH=D:\mg-games\repos\mg-game-0021\game\android\\gradle\wrapper\gradle-wrapper.jar
PATH=C:\Program Files\Android\Android Studio\jbr\bin;C:\Users\USER-5\bin;C:\Program Files\Git\mingw64\bin;C:\Program Files\Git\usr\local\bin;C:\Program Files\Git\usr\bin;C:\Program Files\Git\usr\bin;C:\Program Files\Git\mingw64\bin;C:\Program Files\Git\usr\bin;C:\Users\USER-5\bin;C:\ProgramData\miniconda3;C:\ProgramData\miniconda3\Library\mingw-w64\bin;C:\ProgramData\miniconda3\Library\usr\bin;C:\ProgramData\miniconda3\Library\bin;C:\ProgramData\miniconda3\Scripts;C:\ProgramData\miniconda3\bin;C:\ProgramData\miniconda3\condabin;C:\Program Files\Microsoft\jdk-17.0.13.11-hotspot\bin;C:\Python313\Scripts;C:\Python313;C:\WINDOWS\system32;C:\WINDOWS;C:\WINDOWS\System32\Wbem;C:\WINDOWS\System32\WindowsPowerShell\v1.0;C:\WINDOWS\System32\OpenSSH;C:\Program Files\Git\cmd;C:\Program Files\TortoiseGit\bin;C:\Program Files\dotnet;C:\Program Files\Bandizip;C:\Users\USER-5\AppData\Local\Programs\cursor\resources\app\bin;C:\ProgramData\miniconda3\Scripts;C:\ProgramData\miniconda3;C:\Users\USER-5\AppData\Local\Muse Hub\lib;C:\Program Files\NVIDIA Corporation\NVIDIA App\NvDLISR;C:\Program Files (x86)\NVIDIA Corporation\PhysX\Common;C:\Program Files\nodejs;C:\ProgramData\chocolatey\bin;C:\Program Files\GitHub CLI;C:\Users\USER-5\develop\flutter\bin;C:\Users\USER-5\AppData\Local\Pub\Cache\bin;C:\Program Files\Spine;C:\Program Files\Blender Foundation\Blender 5.0;C:\Program Files\Amazon\AWSCLIV2;D:\terraform_1.14.3_windows_386;C:\Users\USER-5\AppData\Roaming\npm;.;C:\Program Files\Rancher Desktop\resources\resources\win32\bin;C:\Program Files\Rancher Desktop\resources\resources\win32\docker-cli-plugins;C:\Program Files\Rancher Desktop\resources\resources\linux\bin;C:\Program Files\Rancher Desktop\resources\resources\linux\docker-cli-plugins;C:\Program Files\Microsoft\jdk-17.0.13.11-hotspot\bin;C:\Python313\Scripts;C:\Python313;C:\WINDOWS\system32;C:\WINDOWS;C:\WINDOWS\System32\Wbem;C:\WINDOWS\System32\WindowsPowerShell\v1.0;C:\WINDOWS\System32\OpenSSH;C:\Program Files\Git\cmd;C:\Program Files\TortoiseGit\bin;C:\Program Files\dotnet;C:\Program Files\Bandizip;C:\Users\USER-5\AppData\Local\Programs\cursor\resources\app\bin;C:\ProgramData\miniconda3\Scripts;C:\ProgramData\miniconda3;C:\Users\USER-5\AppData\Local\Muse Hub\lib;C:\Program Files\NVIDIA Corporation\NVIDIA App\NvDLISR;C:\Program Files (x86)\NVIDIA Corporation\PhysX\Common;C:\Program Files\nodejs;C:\ProgramData\chocolatey\bin;C:\Program Files\GitHub CLI;C:\Users\USER-5\develop\flutter\bin;C:\Users\USER-5\AppData\Local\Pub\Cache\bin;C:\Program Files\Spine;C:\Program Files\Blender Foundation\Blender 5.0;C:\Program Files\Amazon\AWSCLIV2;D:\terraform_1.14.3_windows_386;C:\Users\USER-5\AppData\Roaming\npm;.;C:\Program Files\Rancher Desktop\resources\resources\win32\bin;C:\Program Files\Rancher Desktop\resources\resources\win32\docker-cli-plugins;C:\Program Files\Rancher Desktop\resources\resources\linux\bin;C:\Program Files\Rancher Desktop\resources\resources\linux\docker-cli-plugins;C:\Users\USER-5\.bun\bin;C:\Users\USER-5\AppData\Local\Muse Hub\lib;C:\Users\USER-5\AppData\Local\Programs\Microsoft VS Code\bin;C:\Users\USER-5\AppData\Local\GitHubDesktop\bin;C:\Users\USER-5\AppData\Local\Programs\Antigravity\bin;C:\Program Files\Git\usr\bin\vendor_perl;C:\Program Files\Git\usr\bin\core_perl
USERNAME=USER-5
SHELL=C:\Program Files\Git\usr\bin\bash.exe
TERM=xterm-256color
OS=MINGW64_NT-10.0-26200
PROCESSOR_IDENTIFIER=AMD64 Family 25 Model 33 Stepping 2, AuthenticAMD
TMP=C:\Users\USER-5\AppData\Local\Temp
TEMP=C:\Users\USER-5\AppData\Local\Temp




Periodic native trim disabled

JNI global refs:
JNI global refs: 37, weak refs: 0

JNI global refs memory usage: 835, weak refs: 833

Process memory usage:
Resident Set Size: 826360K (1% of 67017964K total physical memory with 18852860K free physical memory)

OOME stack traces (most recent first):
Classloader memory used:
Loader org.gradle.internal.classloader.VisitableURLClassLoader                         : 46955K
Loader org.gradle.internal.classloader.VisitableURLClassLoader$InstrumentingVisitableURLClassLoader: 33928K
Loader bootstrap                                                                       : 29020K
Loader org.gradle.initialization.MixInLegacyTypesClassLoader                           : 13426K
Loader jdk.internal.loader.ClassLoaders$PlatformClassLoader                            : 560K
Loader org.gradle.groovy.scripts.internal.DefaultScriptCompilationHandler$ScriptClassLoader: 536K
Loader jdk.internal.loader.ClassLoaders$AppClassLoader                                 : 236K
Loader jdk.internal.reflect.DelegatingClassLoader                                      : 231K
Loader org.gradle.internal.classloader.VisitableURLClassLoader                         : 205K
Loader org.codehaus.groovy.runtime.callsite.CallSiteClassLoader                        : 46512B

Classes loaded by more than one classloader:
Class Program                                                                         : loaded 11 times (x 72B)
Class Build_gradle$1                                                                  : loaded 4 times (x 75B)
Class Build_gradle                                                                    : loaded 4 times (x 130B)
Class Build_gradle$2                                                                  : loaded 3 times (x 74B)
Class Build_gradle$3                                                                  : loaded 3 times (x 78B)
Class Settings_gradle                                                                 : loaded 3 times (x 128B)
Class org.gradle.internal.classloader.FilteringClassLoader                            : loaded 2 times (x 105B)
Class org.jetbrains.kotlin.gradle.plugin.mpp.KotlinVariantWithCoordinates             : loaded 2 times (x 108B)
Class org.jetbrains.kotlin.gradle.tasks.CInteropProcess                               : loaded 2 times (x 347B)
Class org.jetbrains.kotlin.gradle.internal.KotlinDomApiDependencyManagementKt         : loaded 2 times (x 71B)
Class org.jetbrains.kotlin.gradle.plugin.KotlinPluginLifecycleImpl$launch$coroutine$1 : loaded 2 times (x 76B)
Class org.jetbrains.kotlin.gradle.targets.js.npm.NpmDependencyExtensionKt$defaultNpmDependencyDelegate$1: loaded 2 times (x 167B)
Class org.jetbrains.kotlin.gradle.plugin.diagnostics.checkers.MissingNativeStdlibChecker: loaded 2 times (x 74B)
Class org.jetbrains.kotlin.gradle.targets.native.KotilnNativeConfigureBinariesSideEffectKt: loaded 2 times (x 71B)
Class org.jetbrains.kotlin.gradle.plugin.KotlinPlatformType$DisambiguationRule        : loaded 2 times (x 76B)
Class org.jetbrains.kotlin.gradle.plugin.KotlinPlatformType$Companion                 : loaded 2 times (x 71B)
Class org.jetbrains.kotlin.gradle.plugin.internal.ConfigurationCacheStartParameterAccessorKt: loaded 2 times (x 71B)
Class com.google.common.base.CharMatcher$IsEither                                     : loaded 2 times (x 111B)
Class org.gradle.internal.classloader.ClassLoaderHierarchy                            : loaded 2 times (x 70B)
Class org.jetbrains.kotlin.gradle.plugin.hierarchy.KotlinSourceSetTreeClassifierKt    : loaded 2 times (x 71B)
Class org.jetbrains.kotlin.gradle.report.UsesBuildMetricsService                      : loaded 2 times (x 70B)
Class org.jetbrains.kotlin.gradle.plugin.mpp.compilationImpl.factory.KotlinCompilationImplFactory$KotlinCompilationSourceSetsContainerFactory: loaded 2 times (x 70B)
Class org.jetbrains.kotlin.gradle.utils.MutableObservableSet                          : loaded 2 times (x 70B)
Class org.jetbrains.kotlin.gradle.dsl.KotlinHierarchyDsl                              : loaded 2 times (x 70B)
Class org.jetbrains.kotlin.gradle.report.BuildReportType                              : loaded 2 times (x 79B)
Class org.jetbrains.kotlin.statistics.metrics.StringAnonymizationPolicy$AllowedListAnonymizer: loaded 2 times (x 79B)
Class com.google.common.collect.ImmutableEnumSet                                      : loaded 2 times (x 146B)
Class com.google.common.util.concurrent.ExecutionError                                : loaded 2 times (x 82B)
Class com.google.common.collect.ImmutableList$1                                       : loaded 2 times (x 97B)
Class org.gradle.api.internal.classpath.ManifestUtil                                  : loaded 2 times (x 71B)
Class org.jetbrains.kotlin.gradle.utils.FutureKt$future$1                             : loaded 2 times (x 95B)
Class org.jetbrains.kotlin.gradle.plugin.mpp.KotlinMetadataCompilation                : loaded 2 times (x 70B)
Class org.jetbrains.kotlin.gradle.plugin.sources.KotlinDependencyScope                : loaded 2 times (x 79B)
Class org.jetbrains.kotlin.gradle.tasks.configuration.AbstractKotlinCompileConfig$1   : loaded 2 times (x 79B)
Class org.jetbrains.kotlin.gradle.plugin.mpp.compilationImpl.KotlinCompilationFriendPathsResolver: loaded 2 times (x 70B)
Class org.jetbrains.kotlin.konan.target.KonanTarget$ANDROID_ARM64                     : loaded 2 times (x 78B)
Class org.jetbrains.kotlin.gradle.artifacts.KotlinNativeHostSpecificMetadataArtifactKt$KotlinNativeHostSpecificMetadataArtifact$1: loaded 2 times (x 74B)
Class org.jetbrains.kotlin.gradle.plugin.mpp.compilationImpl.KotlinCompilationSideEffect$Companion: loaded 2 times (x 71B)
Class org.jetbrains.kotlin.gradle.plugin.mpp.KotlinUsages$KotlinMetadataDisambiguation: loaded 2 times (x 76B)
Class org.jetbrains.kotlin.gradle.internal.properties.PropertiesBuildService$IntGradleProperty: loaded 2 times (x 76B)
Class com.google.common.collect.RegularImmutableMap                                   : loaded 2 times (x 121B)
Class com.google.common.collect.ImmutableMap$MapViewOfValuesAsSingletonSets           : loaded 2 times (x 126B)
Class org.jetbrains.kotlin.gradle.internal.transforms.BuildToolsApiClasspathEntrySnapshotTransform: loaded 2 times (x 82B)
Class org.jetbrains.kotlin.gradle.tasks.configuration.AbstractKotlinCompileConfig$2   : loaded 2 times (x 79B)
Class org.jetbrains.kotlin.gradle.plugin.mpp.compilationImpl.factory.KotlinCompilationImplFactory$PreConfigure: loaded 2 times (x 70B)
Class org.jetbrains.kotlin.gradle.plugin.KotlinProjectSetupActionKt$KotlinProjectSetupCoroutine$1$1: loaded 2 times (x 95B)
Class org.jetbrains.kotlin.konan.target.KonanTarget$WATCHOS_ARM32                     : loaded 2 times (x 78B)
Class org.jetbrains.kotlin.gradle.targets.js.dsl.KotlinJsTargetDsl                    : loaded 2 times (x 70B)
Class org.jetbrains.kotlin.gradle.plugin.KotlinPluginLifecycleImplKt                  : loaded 2 times (x 71B)
Class org.jetbrains.kotlin.gradle.plugin.diagnostics.checkers.DeprecatedKotlinNativeTargetsChecker$runChecks$1: loaded 2 times (x 88B)
Class org.jetbrains.kotlin.gradle.plugin.KotlinPluginLifecycleImpl$WhenMappings       : loaded 2 times (x 71B)
Class org.jetbrains.kotlin.gradle.dsl.KotlinCommonCompilerToolOptionsHelper           : loaded 2 times (x 71B)
Class org.jetbrains.kotlin.gradle.plugin.KotlinTargetComponent                        : loaded 2 times (x 70B)
Class org.jetbrains.kotlin.gradle.plugin.KotlinGradlePluginExtensionPointInternal     : loaded 2 times (x 76B)
Class org.jetbrains.kotlin.statistics.metrics.StringOverridePolicy$OVERRIDE_VERSION_IF_NOT_SET: loaded 2 times (x 85B)
Class org.jetbrains.kotlin.gradle.plugin.statistics.KotlinBuildStatsBeanService$Companion$initStatsService$1: loaded 2 times (x 79B)
Class org.jetbrains.kotlin.gradle.plugin.VariantImplementationFactories$Companion$getProvider$1: loaded 2 times (x 75B)
Class org.jetbrains.kotlin.gradle.internal.properties.PropertiesBuildService$BooleanGradleProperty: loaded 2 times (x 76B)
Class org.jetbrains.kotlin.gradle.dsl.KotlinProjectExtension                          : loaded 2 times (x 122B)
Class [Lorg.objectweb.asm.Symbol;                                                     : loaded 2 times (x 69B)
Class org.objectweb.asm.ClassVisitor                                                  : loaded 2 times (x 88B)
Class com.google.common.collect.UnmodifiableListIterator                              : loaded 2 times (x 95B)
Class org.jetbrains.kotlin.gradle.plugin.KotlinPluginLifecycle$ProjectConfigurationResult$Failure: loaded 2 times (x 72B)
Class com.google.common.base.Platform$JdkPatternCompiler                              : loaded 2 times (x 75B)
Class org.jetbrains.kotlin.gradle.plugin.sources.DefaultKotlinSourceSet$MetadataDependencyTransformation: loaded 2 times (x 72B)
Class org.jetbrains.kotlin.gradle.tasks.DefaultKotlinJavaToolchain$Companion          : loaded 2 times (x 71B)
Class org.jetbrains.kotlin.gradle.tasks.DefaultKotlinJavaToolchain                    : loaded 2 times (x 77B)
Class org.jetbrains.kotlin.gradle.targets.native.toolchain.KotlinNativeBundleBuildService$Parameters: loaded 2 times (x 70B)
Class org.jetbrains.kotlin.gradle.targets.native.toolchain.KotlinNativeBundleBuildService: loaded 2 times (x 77B)
Class org.jetbrains.kotlin.gradle.plugin.KotlinGradleBuildServices                    : loaded 2 times (x 80B)
Class [Lorg.jetbrains.kotlin.statistics.ValueAnonymizer;                              : loaded 2 times (x 69B)
Class org.jetbrains.kotlin.gradle.internal.properties.PropertiesBuildService$MemoizedCallable$value$2: loaded 2 times (x 79B)
Class org.objectweb.asm.MethodTooLargeException                                       : loaded 2 times (x 83B)
Class [Lcom.google.common.cache.CacheBuilder$OneWeigher;                              : loaded 2 times (x 69B)
Class com.google.common.base.Suppliers                                                : loaded 2 times (x 71B)
Class org.gradle.internal.classloader.DefaultClassLoaderFactory                       : loaded 2 times (x 82B)
Class org.jetbrains.kotlin.compilerRunner.CompilerSystemPropertiesService$Parameters_Decorated: loaded 2 times (x 134B)
Class org.jetbrains.kotlin.gradle.plugin.KotlinTargetWithTests                        : loaded 2 times (x 70B)
Class org.jetbrains.kotlin.gradle.plugin.diagnostics.ToolingDiagnosticRenderingOptions: loaded 2 times (x 72B)
Class [Lorg.jetbrains.kotlin.gradle.dsl.KotlinVersion;                                : loaded 2 times (x 69B)
Class org.jetbrains.kotlin.gradle.plugin.diagnostics.checkers.JsEnvironmentChecker    : loaded 2 times (x 76B)
Class org.jetbrains.kotlin.gradle.targets.js.npm.NpmDependencyExtensionKt             : loaded 2 times (x 71B)
Class org.jetbrains.kotlin.gradle.plugin.diagnostics.UsesKotlinToolingDiagnosticsParameters: loaded 2 times (x 70B)
Class org.jetbrains.kotlin.gradle.report.BuildMetricsService                          : loaded 2 times (x 86B)
Class org.jetbrains.kotlin.statistics.metrics.NumberAnonymizationPolicy               : loaded 2 times (x 85B)
Class org.jetbrains.kotlin.statistics.metrics.StringAnonymizationPolicy               : loaded 2 times (x 78B)
Class org.gradle.internal.classloader.ClassLoaderVisitor                              : loaded 2 times (x 76B)
Class org.jetbrains.kotlin.gradle.plugin.mpp.compilationImpl.KotlinCompilationLanguageSettingsConfigurator: loaded 2 times (x 74B)
Class org.jetbrains.kotlin.gradle.plugin.KotlinPluginLifecycleKt$await$1              : loaded 2 times (x 88B)
Class [Lorg.jetbrains.kotlin.gradle.plugin.KotlinCompilation;                         : loaded 2 times (x 69B)
Class org.jetbrains.kotlin.gradle.plugin.mpp.KotlinTargetComponentWithPublication     : loaded 2 times (x 70B)
Class org.jetbrains.kotlin.gradle.plugin.mpp.compilationImpl.KotlinCreateNativeCompileTasksSideEffectKt: loaded 2 times (x 71B)
Class org.jetbrains.kotlin.gradle.plugin.KotlinProjectSetupActionKt                   : loaded 2 times (x 71B)
Class org.jetbrains.kotlin.gradle.dsl.KotlinTargetContainerWithJsPresetFunctions      : loaded 2 times (x 70B)
Class org.jetbrains.kotlin.gradle.report.ReportingSettings$Companion                  : loaded 2 times (x 71B)
Class org.jetbrains.kotlin.gradle.report.ConfigureReporingKt                          : loaded 2 times (x 71B)
Class org.jetbrains.kotlin.tooling.core.TypeUtils                                     : loaded 2 times (x 71B)
Class [Lcom.google.common.collect.ImmutableMapEntry;                                  : loaded 2 times (x 69B)
Class org.gradle.api.internal.classpath.EffectiveClassPath                            : loaded 2 times (x 90B)
Class org.jetbrains.kotlin.gradle.plugin.mpp.compilationImpl.DefaultKotlinCompilationConfigurationsContainer: loaded 2 times (x 84B)
Class com.google.common.collect.ImmutableRangeSet                                     : loaded 2 times (x 115B)
Class org.jetbrains.kotlin.konan.target.KonanTarget$ANDROID_ARM32                     : loaded 2 times (x 78B)
Class org.jetbrains.kotlin.gradle.tasks.TasksProviderKt                               : loaded 2 times (x 71B)
Class org.jetbrains.kotlin.gradle.plugin.diagnostics.ToolingDiagnostic                : loaded 2 times (x 72B)
Class org.jetbrains.kotlin.gradle.plugin.sources.DefaultKotlinSourceSetFactory        : loaded 2 times (x 80B)
Class com.google.common.collect.ListMultimap                                          : loaded 2 times (x 70B)
Class com.google.common.collect.ImmutableEnumMap                                      : loaded 2 times (x 126B)
Class org.jetbrains.kotlin.buildtools.api.jvm.ClassSnapshotGranularity                : loaded 2 times (x 79B)
Class org.jetbrains.kotlin.gradle.ExternalKotlinTargetApi                             : loaded 2 times (x 70B)
Class com.google.common.collect.Iterators$EmptyModifiableIterator                     : loaded 2 times (x 86B)
Class org.jetbrains.kotlin.gradle.plugin.diagnostics.checkers.AndroidPluginWithoutAndroidTargetChecker$runChecks$1: loaded 2 times (x 88B)
Class org.jetbrains.kotlin.gradle.plugin.diagnostics.checkers.AndroidSourceSetLayoutV1SourceSetsNotFoundChecker$runChecks$1: loaded 2 times (x 88B)
Class org.jetbrains.kotlin.gradle.plugin.diagnostics.KotlinGradleProjectCheckersRunnerKt$launchKotlinGradleProjectCheckers$1$1: loaded 2 times (x 95B)
Class org.jetbrains.kotlin.konan.target.KonanTarget                                   : loaded 2 times (x 78B)
Class org.jetbrains.kotlin.gradle.targets.CreateDefaultTestRunSideEffectKt            : loaded 2 times (x 71B)
Class org.jetbrains.kotlin.gradle.utils.ProviderApiUtilsKt$mapOrNull$1                : loaded 2 times (x 75B)
Class org.jetbrains.kotlin.gradle.targets.native.toolchain.KotlinNativeBundleBuildService$Companion$registerIfAbsent$1: loaded 2 times (x 75B)
Class org.jetbrains.kotlin.statistics.metrics.BooleanAnonymizationPolicy              : loaded 2 times (x 85B)
Class org.jetbrains.kotlin.statistics.metrics.BooleanOverridePolicy$OVERRIDE          : loaded 2 times (x 85B)
Class org.jetbrains.kotlin.gradle.plugin.PropertiesProvider$kotlinExperimentalTryNext$1: loaded 2 times (x 75B)
Class org.jetbrains.kotlin.gradle.plugin.VariantImplementationFactoriesConfigurator$Companion$getProvider$1: loaded 2 times (x 74B)
Class com.google.common.collect.Sets$1                                                : loaded 2 times (x 139B)
Class org.objectweb.asm.AnnotationVisitor                                             : loaded 2 times (x 78B)
Class org.gradle.api.internal.DefaultClassPathProvider                                : loaded 2 times (x 76B)
Class org.jetbrains.kotlin.gradle.tasks.configuration.KaptGenerateStubsConfig$Companion$wireJavaAndKotlinOutputs$1: loaded 2 times (x 79B)
Class org.jetbrains.kotlin.gradle.plugin.KotlinPluginLifecycleCoroutineContextElement : loaded 2 times (x 84B)
Class org.jetbrains.kotlin.gradle.dsl.PlatformSourceSetConventionsChecker             : loaded 2 times (x 74B)
Class org.jetbrains.kotlin.gradle.plugin.diagnostics.checkers.KotlinSourceSetTreeDependsOnMismatchChecker: loaded 2 times (x 74B)
Class org.jetbrains.kotlin.gradle.targets.CreateDefaultCompilationsSideEffectKt       : loaded 2 times (x 71B)
Class org.jetbrains.kotlin.gradle.plugin.mpp.SyncLanguageSettingsWithKotlinExtensionSetupActionKt: loaded 2 times (x 71B)
Class org.jetbrains.kotlin.statistics.metrics.NumericalMetrics                        : loaded 2 times (x 80B)
Class org.jetbrains.kotlin.gradle.plugin.VariantImplementationFactories$Companion$getProvider$2$1: loaded 2 times (x 79B)
Class com.google.common.collect.Sets$2                                                : loaded 2 times (x 139B)
Class [Lorg.gradle.api.internal.ClassPathProvider;                                    : loaded 2 times (x 69B)
Class org.gradle.api.internal.ClassPathProvider                                       : loaded 2 times (x 70B)
Class org.jetbrains.kotlin.konan.target.HostManager$targetValues$2                    : loaded 2 times (x 78B)
Class org.jetbrains.kotlin.gradle.plugin.diagnostics.checkers.UnusedSourceSetsChecker$runChecks$1: loaded 2 times (x 88B)
Class [Lorg.jetbrains.kotlin.konan.target.Family;                                     : loaded 2 times (x 69B)
Class org.jetbrains.kotlin.gradle.targets.js.npm.PeerNpmDependencyExtension           : loaded 2 times (x 70B)
Class org.jetbrains.kotlin.gradle.dsl.AndroidMainSourceSetConventionsChecker          : loaded 2 times (x 74B)
Class org.jetbrains.kotlin.gradle.plugin.diagnostics.checkers.WasmJsEnvironmentChecker$1: loaded 2 times (x 78B)
Class org.jetbrains.kotlin.gradle.targets.js.npm.NpmDependencyExtensionKt$AddNpmDependencyExtensionProjectSetupAction$1: loaded 2 times (x 74B)
Class org.jetbrains.kotlin.build.report.metrics.GradleBuildPerformanceMetric          : loaded 2 times (x 97B)
Class org.jetbrains.kotlin.gradle.internal.properties.PropertiesBuildService$NullableBooleanGradleProperty: loaded 2 times (x 76B)
Class [Lorg.objectweb.asm.AnnotationVisitor;                                          : loaded 2 times (x 69B)
Class com.google.common.collect.Sets$3                                                : loaded 2 times (x 139B)
Class com.google.common.cache.LocalCache$LocalLoadingCache                            : loaded 2 times (x 134B)
Class org.gradle.internal.service.UnknownServiceException                             : loaded 2 times (x 83B)
Class org.jetbrains.kotlin.gradle.plugin.diagnostics.checkers.ComposePluginSuggestApplyChecker$runChecks$1: loaded 2 times (x 88B)
Class org.jetbrains.kotlin.konan.target.KonanTarget$TVOS_ARM64                        : loaded 2 times (x 78B)
Class org.jetbrains.kotlin.gradle.targets.js.npm.DefaultPeerNpmDependencyExtension    : loaded 2 times (x 141B)
Class org.jetbrains.kotlin.gradle.plugin.KotlinPluginLifecycleKt                      : loaded 2 times (x 71B)
Class org.jetbrains.kotlin.gradle.plugin.diagnostics.checkers.WasmJsEnvironmentChecker$2: loaded 2 times (x 78B)
Class org.jetbrains.kotlin.gradle.plugin.mpp.AbstractKotlinTarget                     : loaded 2 times (x 150B)
Class org.jetbrains.kotlin.gradle.internal.properties.NativePropertiesLoader$kotlinNativeVersion$1: loaded 2 times (x 75B)
Class org.jetbrains.kotlin.gradle.plugin.VariantImplementationFactoriesConfigurator$Inject: loaded 2 times (x 96B)
Class org.jetbrains.kotlin.gradle.dsl.KotlinSingleTargetExtension                     : loaded 2 times (x 124B)
Class com.google.common.collect.Sets$4                                                : loaded 2 times (x 139B)
Class org.objectweb.asm.ModuleVisitor                                                 : loaded 2 times (x 81B)
Class com.google.common.cache.LocalCache$Strength$1                                   : loaded 2 times (x 81B)
Class org.jetbrains.kotlin.gradle.plugin.mpp.compilationImpl.KotlinCompilationTaskNamesContainer: loaded 2 times (x 72B)
Class org.jetbrains.kotlin.gradle.plugin.mpp.compilationImpl.factory.KotlinCompilationImplFactory$KotlinCompilerOptionsFactory: loaded 2 times (x 70B)
Class org.jetbrains.kotlin.gradle.internal.properties.PropertiesBuildServiceKt$propertyWithDeprecatedName$1: loaded 2 times (x 75B)
Class org.jetbrains.kotlin.gradle.targets.js.npm.NpmDependencyExtension               : loaded 2 times (x 70B)
Class org.jetbrains.kotlin.gradle.plugin.LanguageSettingsBuilder                      : loaded 2 times (x 70B)
Class org.jetbrains.kotlin.gradle.plugin.diagnostics.checkers.WasmWasiEnvironmentChecker: loaded 2 times (x 76B)
Class org.jetbrains.kotlin.gradle.plugin.diagnostics.checkers.WasmJsEnvironmentChecker$3: loaded 2 times (x 78B)
Class org.jetbrains.kotlin.gradle.targets.ConfigureBuildSideEffectKt                  : loaded 2 times (x 71B)
Class org.jetbrains.kotlin.gradle.plugin.BuildEventsListenerRegistryHolder$Companion  : loaded 2 times (x 71B)
Class [Lorg.jetbrains.kotlin.statistics.metrics.StringMetrics;                        : loaded 2 times (x 69B)
Class org.jetbrains.kotlin.gradle.internal.properties.PropertiesBuildService$Inject   : loaded 2 times (x 96B)
Class com.google.common.util.concurrent.SettableFuture                                : loaded 2 times (x 114B)
Class com.google.common.cache.LocalCache$Strength$2                                   : loaded 2 times (x 81B)
Class build_dzit8o6ntpgsav7udw23ydhqf                                                 : loaded 2 times (x 181B)
Class org.jetbrains.kotlin.gradle.plugin.KotlinPluginLifecycle$ProjectConfigurationResult$Success: loaded 2 times (x 71B)
Class org.jetbrains.kotlin.gradle.internal.StdlibDependencyManagementKt$configureStdlibVersionAlignment$1: loaded 2 times (x 75B)
Class org.jetbrains.kotlin.gradle.plugin.diagnostics.checkers.OverriddenKotlinNativeHomeChecker$allKonanMainSubdirectoriesExist$1$1: loaded 2 times (x 75B)
Class org.jetbrains.kotlin.gradle.dsl.PlatformSourceSetConventionsChecker$CheckedPlatformInfo: loaded 2 times (x 72B)
Class org.jetbrains.kotlin.gradle.plugin.diagnostics.checkers.WasmJsEnvironmentChecker$4: loaded 2 times (x 78B)
Class org.jetbrains.kotlin.gradle.plugin.mpp.KotlinUsages$KotlinCinteropDisambiguation: loaded 2 times (x 76B)
Class org.jetbrains.kotlin.gradle.plugin.KotlinPluginInMultipleProjectsHolder         : loaded 2 times (x 72B)
Class org.jetbrains.kotlin.gradle.report.BuildReportType$Companion                    : loaded 2 times (x 71B)
Class com.google.common.cache.LocalCache$Strength$3                                   : loaded 2 times (x 81B)
Class com.google.common.collect.MapDifference                                         : loaded 2 times (x 70B)
Class org.jetbrains.kotlin.gradle.plugin.sources.FragmentConsistencyChecks$optInAnnotationsCheck$1: loaded 2 times (x 79B)
Class org.jetbrains.kotlin.gradle.plugin.mpp.AbstractKotlinCompilationToRunnableFiles : loaded 2 times (x 196B)
Class org.jetbrains.kotlin.gradle.artifacts.KotlinMetadataArtifactKt$KotlinMetadataArtifact$1: loaded 2 times (x 74B)
Class org.jetbrains.kotlin.gradle.plugin.mpp.KotlinUsages$KotlinMetadataCompatibility : loaded 2 times (x 76B)
Class [Lorg.jetbrains.kotlin.gradle.dsl.JvmTarget;                                    : loaded 2 times (x 69B)
Class org.jetbrains.kotlin.gradle.utils.ConfigurationsKt$maybeCreateResolvable$1      : loaded 2 times (x 78B)
Class org.jetbrains.kotlin.gradle.plugin.StatisticsBuildFlowManager$Companion         : loaded 2 times (x 71B)
Class org.jetbrains.kotlin.statistics.metrics.StringMetrics$Companion                 : loaded 2 times (x 71B)
Class org.jetbrains.kotlin.gradle.internal.properties.PropertiesBuildService$property$1$1: loaded 2 times (x 75B)
Class org.jetbrains.kotlin.tooling.core.Extras$Type                                   : loaded 2 times (x 72B)
Class org.objectweb.asm.FieldWriter                                                   : loaded 2 times (x 78B)
Class com.google.common.cache.CacheBuilder$NullListener                               : loaded 2 times (x 82B)
Class org.gradle.internal.classpath.TransformedClassPath                              : loaded 2 times (x 96B)
Class org.gradle.internal.classloader.InstrumentingClassLoader                        : loaded 2 times (x 70B)
Class com.google.common.collect.ImmutableRangeSet$AsSet                               : loaded 2 times (x 300B)
Class org.jetbrains.kotlin.gradle.plugin.sources.FragmentConsistencyChecks$optInAnnotationsCheck$2: loaded 2 times (x 78B)
Class org.jetbrains.kotlin.gradle.targets.NativeForwardImplementationToApiElementsSideEffectKt$special$$inlined$KotlinTargetSideEffect$1: loaded 2 times (x 74B)
Class org.jetbrains.kotlin.gradle.plugin.BuildFinishedListenerService$Companion       : loaded 2 times (x 71B)
Class org.jetbrains.kotlin.gradle.plugin.BuildFinishedListenerService                 : loaded 2 times (x 80B)
Class com.google.common.cache.CacheLoader$FunctionToCacheLoader                       : loaded 2 times (x 75B)
Class com.google.common.collect.Iterators$ArrayItr                                    : loaded 2 times (x 97B)
Class com.google.common.collect.ImmutableCollection$Builder                           : loaded 2 times (x 76B)
Class org.jetbrains.kotlin.gradle.tasks.configuration.TaskConfigAction                : loaded 2 times (x 72B)
Class org.jetbrains.kotlin.gradle.plugin.diagnostics.checkers.OverriddenKotlinNativeHomeChecker$allKonanMainSubdirectoriesExist$1: loaded 2 times (x 75B)
Class org.jetbrains.kotlin.gradle.plugin.AbstractKotlinPlugin$Companion               : loaded 2 times (x 71B)
Class org.jetbrains.kotlin.gradle.plugin.KotlinSourceSetTree                          : loaded 2 times (x 72B)
Class org.jetbrains.kotlin.gradle.plugin.KotlinPluginLifecycle$Stage                  : loaded 2 times (x 79B)
Class org.jetbrains.kotlin.gradle.plugin.mpp.compilationImpl.KotlinCreateResourcesTaskSideEffectKt$KotlinCreateResourcesTaskSideEffect$1: loaded 2 times (x 74B)
Class org.jetbrains.kotlin.gradle.plugin.sources.KotlinSourceSetFactory               : loaded 2 times (x 80B)
Class org.jetbrains.kotlin.gradle.targets.native.toolchain.KotlinNativeBundleBuildService$Parameters_Decorated: loaded 2 times (x 143B)
Class org.jetbrains.kotlin.gradle.internal.ClassLoadersCachingBuildService$Companion  : loaded 2 times (x 71B)
Class com.google.common.base.Joiner                                                   : loaded 2 times (x 79B)
Class com.google.common.base.MoreObjects                                              : loaded 2 times (x 71B)
Class org.jetbrains.kotlin.gradle.utils.ProviderApiUtilsKt$mapOrNull$1$1              : loaded 2 times (x 75B)
Class org.jetbrains.kotlin.gradle.plugin.hierarchy.KotlinSourceSetTreeClassifier$Default: loaded 2 times (x 71B)
Class org.jetbrains.kotlin.gradle.plugin.mpp.InternalKotlinCompilationKt              : loaded 2 times (x 71B)
Class org.jetbrains.kotlin.gradle.tasks.configuration.AbstractKotlinCompileConfig     : loaded 2 times (x 72B)
Class org.jetbrains.kotlin.gradle.plugin.mpp.compilationImpl.KotlinCompilationImpl$attributes$2: loaded 2 times (x 79B)
Class org.jetbrains.kotlin.gradle.plugin.diagnostics.checkers.OverriddenKotlinNativeHomeChecker$StdlibExistenceCheckerValueSource: loaded 2 times (x 78B)
Class org.jetbrains.kotlin.build.report.metrics.GradleBuildTime                       : loaded 2 times (x 88B)
Class org.jetbrains.kotlin.gradle.utils.IsolatedKotlinClasspathClassCastException     : loaded 2 times (x 82B)
Class com.google.common.collect.Platform                                              : loaded 2 times (x 71B)
Class [Lorg.objectweb.asm.Type;                                                       : loaded 2 times (x 69B)
Class com.google.common.collect.UnmodifiableIterator                                  : loaded 2 times (x 80B)
Class org.gradle.internal.service.ServiceLocator                                      : loaded 2 times (x 70B)
Class org.jetbrains.kotlin.gradle.utils.GradleAttributesContainerUtilsKt$copyAttributeTo$1: loaded 2 times (x 79B)
Class org.jetbrains.kotlin.gradle.plugin.hierarchy.KotlinSourceSetTreeClassifierKt$classify$1: loaded 2 times (x 88B)
Class [Lorg.jetbrains.kotlin.konan.target.KonanTarget;                                : loaded 2 times (x 69B)
Class org.jetbrains.kotlin.gradle.plugin.diagnostics.checkers.WasmSourceSetsNotFoundChecker: loaded 2 times (x 74B)
Class org.jetbrains.kotlin.gradle.plugin.diagnostics.checkers.AndroidSourceSetLayoutV1SourceSetsNotFoundChecker$androidSourceSetRegex$2: loaded 2 times (x 78B)
Class org.jetbrains.kotlin.gradle.plugin.statistics.KotlinBuildStatsLoggerService$Companion: loaded 2 times (x 71B)
Class com.google.common.base.Ascii                                                    : loaded 2 times (x 71B)
Class com.google.common.collect.SingletonImmutableBiMap                               : loaded 2 times (x 143B)
Class com.google.common.cache.LocalCache$1                                            : loaded 2 times (x 89B)
Class com.google.common.collect.Iterators$SingletonIterator                           : loaded 2 times (x 81B)
Class com.google.common.collect.AbstractMapEntry                                      : loaded 2 times (x 81B)
Class org.jetbrains.kotlin.gradle.plugin.KotlinCompilationWithResources               : loaded 2 times (x 70B)
Class com.google.common.collect.Sets$ImprovedAbstractSet                              : loaded 2 times (x 135B)
Class com.google.common.collect.ImmutableList$Builder                                 : loaded 2 times (x 77B)
Class org.jetbrains.kotlin.gradle.plugin.KotlinTargetPreset                           : loaded 2 times (x 70B)
Class org.jetbrains.kotlin.gradle.plugin.diagnostics.checkers.KotlinTargetAlreadyDeclaredChecker: loaded 2 times (x 74B)
Class org.jetbrains.kotlin.gradle.plugin.mpp.compilationImpl.KotlinCompilationProcessorSideEffectKt: loaded 2 times (x 71B)
Class org.jetbrains.kotlin.gradle.utils.FileUtilsKt$localProperties$1                 : loaded 2 times (x 75B)
Class org.jetbrains.kotlin.gradle.dsl.HasConfigurableKotlinCompilerOptions            : loaded 2 times (x 70B)
Class com.google.common.collect.AbstractMultimap                                      : loaded 2 times (x 123B)
Class com.google.common.cache.LocalCache$2                                            : loaded 2 times (x 142B)
Class org.jetbrains.kotlin.gradle.plugin.statistics.KotlinProjectConfigurationMetrics : loaded 2 times (x 71B)
Class org.jetbrains.kotlin.gradle.plugin.KotlinCompilationInfo$TCS                    : loaded 2 times (x 89B)
Class com.google.common.collect.ImmutableRangeSet$1                                   : loaded 2 times (x 210B)
Class org.jetbrains.kotlin.gradle.plugin.mpp.HasBinaries                              : loaded 2 times (x 70B)
Class org.jetbrains.kotlin.gradle.dsl.KotlinCommonOptions                             : loaded 2 times (x 70B)
Class org.jetbrains.kotlin.gradle.plugin.mpp.compilationImpl.KotlinCreateSourcesJarTaskSideEffectKt: loaded 2 times (x 71B)
Class org.jetbrains.kotlin.gradle.dsl.KotlinJvmProjectExtension                       : loaded 2 times (x 147B)
Class org.jetbrains.kotlin.gradle.plugin.KotlinGradlePluginExtensionPointInternalKt   : loaded 2 times (x 71B)
Class org.jetbrains.kotlin.gradle.targets.native.toolchain.UsesKotlinNativeBundleBuildService: loaded 2 times (x 70B)
Class org.jetbrains.kotlin.gradle.plugin.KotlinCompilerArgumentsProducer              : loaded 2 times (x 70B)
Class org.jetbrains.kotlin.build.report.metrics.ValueType                             : loaded 2 times (x 79B)
Class com.google.common.collect.RegularImmutableAsList                                : loaded 2 times (x 217B)
Class org.jetbrains.kotlin.gradle.tasks.configuration.BaseKotlinCompileConfig$1$classpathConfiguration$1: loaded 2 times (x 75B)
Class com.google.common.collect.Range                                                 : loaded 2 times (x 87B)
Class org.jetbrains.kotlin.gradle.targets.js.npm.NpmDependencyExtensionDelegate       : loaded 2 times (x 167B)
Class org.jetbrains.kotlin.gradle.plugin.sources.FragmentConsistencyChecker           : loaded 2 times (x 72B)
Class org.jetbrains.kotlin.gradle.dsl.DefaultToolchainSupport_Decorated               : loaded 2 times (x 124B)
Class org.jetbrains.kotlin.gradle.internal.properties.NativePropertiesLoader$jvmArgs$1: loaded 2 times (x 75B)
Class org.jetbrains.kotlin.gradle.report.BuildMetricsService$Companion                : loaded 2 times (x 71B)
Class org.jetbrains.kotlin.gradle.tasks.KotlinCompileTool                             : loaded 2 times (x 70B)
Class org.jetbrains.kotlin.gradle.plugin.VariantImplementationFactories$Parameters_Decorated: loaded 2 times (x 134B)
Class org.jetbrains.kotlin.gradle.plugin.PropertiesProvider$PropertyNames             : loaded 2 times (x 71B)
Class org.jetbrains.kotlin.gradle.utils.SingleAction$PerformedActions                 : loaded 2 times (x 72B)
Class org.jetbrains.kotlin.gradle.utils.GradleUtilsKt                                 : loaded 2 times (x 71B)
Class org.jetbrains.kotlin.gradle.plugin.HasProject                                   : loaded 2 times (x 70B)
Class com.google.common.util.concurrent.AbstractFuture$Trusted                        : loaded 2 times (x 70B)
Class com.google.common.collect.Iterators                                             : loaded 2 times (x 71B)
Class build_6q5oo94nxfw5xjwjx3nrswi5t$_run_closure1                                   : loaded 2 times (x 139B)
Class org.jetbrains.kotlin.gradle.tasks.configuration.BaseKotlinCompileConfig         : loaded 2 times (x 72B)
Class org.jetbrains.kotlin.gradle.plugin.mpp.compilationImpl.factory.KotlinCompilationImplFactory$KotlinCompilationTaskNamesContainerFactory: loaded 2 times (x 70B)
Class org.jetbrains.kotlin.gradle.internal.KotlinDependenciesManagementKt$CustomizeKotlinDependenciesSetupAction$1$coreLibrariesVersion$1: loaded 2 times (x 79B)
Class org.jetbrains.kotlin.gradle.plugin.diagnostics.checkers.CInteropInputChecker$runChecks$1: loaded 2 times (x 88B)
Class org.jetbrains.kotlin.gradle.ExperimentalKotlinGradlePluginApi                   : loaded 2 times (x 70B)
Class org.jetbrains.kotlin.gradle.internal.properties.NativePropertiesLoader          : loaded 2 times (x 85B)
Class [Lorg.jetbrains.kotlin.build.report.metrics.BuildTime;                          : loaded 2 times (x 69B)
Class org.jetbrains.kotlin.statistics.metrics.NumberAnonymizationPolicy$SAFE          : loaded 2 times (x 85B)
Class org.jetbrains.kotlin.gradle.plugin.statistics.BuildFusService                   : loaded 2 times (x 84B)
Class com.google.common.collect.Lists$StringAsImmutableList                           : loaded 2 times (x 207B)
Class com.google.common.util.concurrent.UncheckedExecutionException                   : loaded 2 times (x 82B)
Class org.jetbrains.kotlin.gradle.plugin.diagnostics.checkers.CInteropInputChecker$runChecks$2: loaded 2 times (x 75B)
Class org.jetbrains.kotlin.gradle.tasks.configuration.KaptGenerateStubsConfig$Companion: loaded 2 times (x 71B)
Class org.jetbrains.kotlin.gradle.internal.KotlinTestDependencyManagementKt$maybeAddTestDependencyCapability$1: loaded 2 times (x 75B)
Class org.jetbrains.kotlin.gradle.plugin.diagnostics.CheckKotlinGradlePluginConfigurationErrorsKt: loaded 2 times (x 71B)
Class org.jetbrains.kotlin.gradle.targets.js.npm.NpmDependencyExtensionKt$AddNpmDependencyExtensionProjectSetupAction$1$WhenMappings: loaded 2 times (x 71B)
Class org.jetbrains.kotlin.gradle.plugin.mpp.KotlinJvmAndroidCompilation              : loaded 2 times (x 198B)
Class org.jetbrains.kotlin.gradle.targets.CreateDefaultCompilationsSideEffectKt$CreateDefaultCompilationsSideEffect$1: loaded 2 times (x 74B)
Class org.jetbrains.kotlin.gradle.targets.native.internal.AddKotlinPlatformIntegersSupportLibraryKt$AddKotlinPlatformIntegersSupportLibrary$1: loaded 2 times (x 95B)
Class org.jetbrains.kotlin.gradle.plugin.mpp.ApplyUserDefinedAttributesKt             : loaded 2 times (x 71B)
Class org.jetbrains.kotlin.gradle.utils.FutureImpl                                    : loaded 2 times (x 80B)
Class org.jetbrains.kotlin.gradle.internal.properties.NativePropertiesLoader$isToolchainEnabled$1: loaded 2 times (x 75B)
Class [Lorg.jetbrains.kotlin.statistics.metrics.NumericalMetrics;                     : loaded 2 times (x 69B)
Class org.gradle.internal.InternalTransformer                                         : loaded 2 times (x 70B)
Class org.jetbrains.kotlin.gradle.tasks.CompileUsingKotlinDaemonWithNormalization     : loaded 2 times (x 70B)
Class org.jetbrains.kotlin.gradle.plugin.mpp.compilationImpl.factory.KotlinCompilationImplFactory$PostConfigure$Companion: loaded 2 times (x 71B)
Class com.google.common.collect.AbstractMapBasedMultimap$KeySet$1                     : loaded 2 times (x 82B)
Class org.jetbrains.kotlin.gradle.internal.KotlinDomApiDependencyManagementKt$configureKotlinDomApiDefaultDependency$1: loaded 2 times (x 79B)
Class org.jetbrains.kotlin.gradle.targets.js.npm.DefaultDevNpmDependencyExtension     : loaded 2 times (x 145B)
Class [Lorg.jetbrains.kotlin.gradle.plugin.HasKotlinDependencies;                     : loaded 2 times (x 69B)
Class org.jetbrains.kotlin.gradle.tasks.DefaultKotlinJavaToolchain$Companion$wireJvmTargetToToolchain$1: loaded 2 times (x 75B)
Class org.jetbrains.kotlin.gradle.plugin.diagnostics.checkers.JsLikeEnvironmentChecker: loaded 2 times (x 76B)
Class org.jetbrains.kotlin.gradle.plugin.KotlinPlatformType                           : loaded 2 times (x 82B)
Class org.jetbrains.kotlin.gradle.plugin.KotlinGradleBuildServices$Companion          : loaded 2 times (x 71B)
Class org.jetbrains.kotlin.gradle.internal.properties.PropertiesBuildServiceKt        : loaded 2 times (x 71B)
Class org.objectweb.asm.ClassWriter                                                   : loaded 2 times (x 106B)
Class com.google.common.cache.CacheLoader$UnsupportedLoadingOperationException        : loaded 2 times (x 82B)
Class com.google.common.base.CharMatcher$And                                          : loaded 2 times (x 112B)
Class org.gradle.internal.classloader.ClasspathUtil$1                                 : loaded 2 times (x 76B)
Class com.google.common.collect.AbstractMapBasedMultimap$Itr                          : loaded 2 times (x 83B)
Class org.jetbrains.kotlin.gradle.plugin.diagnostics.ToolingDiagnosticRenderingOptions$Companion: loaded 2 times (x 71B)
Class org.jetbrains.kotlin.gradle.dsl.KotlinJvmCompilerOptionsHelper                  : loaded 2 times (x 71B)
Class org.jetbrains.kotlin.gradle.tasks.DefaultKotlinJavaToolchain$Companion$wireJvmTargetToToolchain$2: loaded 2 times (x 75B)
Class org.jetbrains.kotlin.gradle.plugin.ProjectLocalConfigurations$ProjectLocalDisambiguation: loaded 2 times (x 76B)
Class org.jetbrains.kotlin.gradle.plugin.mpp.apple.swiftexport.internal.SwiftExportInitKt: loaded 2 times (x 71B)
Class org.jetbrains.kotlin.gradle.internal.properties.PropertiesBuildService$NullableStringGradleProperty: loaded 2 times (x 76B)
Class org.jetbrains.kotlin.gradle.plugin.KotlinGradleBuildServices$detectKotlinPluginLoadedInMultipleProjects$onRegister$1$1: loaded 2 times (x 75B)
Class org.jetbrains.kotlin.gradle.plugin.internal.ConfigurationCacheStartParameterAccessor$Factory: loaded 2 times (x 70B)
Class org.objectweb.asm.FieldVisitor                                                  : loaded 2 times (x 77B)
Class com.google.common.collect.IndexedImmutableSet                                   : loaded 2 times (x 152B)
Class com.google.common.collect.ImmutableMap$1                                        : loaded 2 times (x 81B)
Class com.google.common.collect.BiMap                                                 : loaded 2 times (x 70B)
Class org.gradle.api.internal.classpath.DefaultModuleRegistry$DefaultModule           : loaded 2 times (x 86B)
Class org.jetbrains.kotlin.gradle.plugin.mpp.compilationImpl.KotlinCompilationSourceSetInclusion$DefaultAddSourcesToCompileTask$addSources$1: loaded 2 times (x 79B)
Class org.jetbrains.kotlin.gradle.plugin.diagnostics.checkers.WasmSourceSetsNotFoundChecker$wasmSourceSetRegex$2: loaded 2 times (x 78B)
Class org.jetbrains.kotlin.gradle.plugin.mpp.compilationImpl.KotlinCompilationSideEffect: loaded 2 times (x 70B)
Class org.jetbrains.kotlin.gradle.plugin.KotlinGradlePluginExtensionPoint             : loaded 2 times (x 70B)
Class org.jetbrains.kotlin.tooling.core.ExtrasUtilsKt                                 : loaded 2 times (x 71B)
Class org.jetbrains.kotlin.buildtools.api.ExperimentalBuildToolsApi                   : loaded 2 times (x 70B)
Class org.jetbrains.kotlin.gradle.utils.ResourceUtilsKt                               : loaded 2 times (x 71B)
Class org.jetbrains.kotlin.gradle.plugin.KotlinPluginWrapperKt$kotlinPluginVersionFromResources$1: loaded 2 times (x 78B)
Class com.google.common.primitives.Ints                                               : loaded 2 times (x 71B)
Class com.google.common.collect.AbstractIterator                                      : loaded 2 times (x 82B)
Class org.jetbrains.kotlin.gradle.plugin.mpp.KotlinTargetSoftwareComponentImplKt$KotlinTargetSoftwareComponent$1$1$1: loaded 2 times (x 75B)
Class org.jetbrains.kotlin.gradle.tasks.configuration.KaptGenerateStubsConfig$Companion$configureLibraries$1: loaded 2 times (x 79B)
Class org.jetbrains.kotlin.gradle.plugin.mpp.compilationImpl.KotlinCompilationSourceSetInclusion$DefaultAddSourcesToCompileTask$addSources$2: loaded 2 times (x 79B)
Class org.jetbrains.kotlin.gradle.tasks.AbstractKotlinCompile                         : loaded 2 times (x 459B)
Class org.jetbrains.kotlin.gradle.plugin.KotlinCompilationOutput                      : loaded 2 times (x 70B)
Class org.jetbrains.kotlin.gradle.plugin.diagnostics.CheckKotlinGradlePluginConfigurationErrorsKt$addDependsOnFromTasksThatShouldFailWhenErrorsReported$1: loaded 2 times (x 75B)
Class org.jetbrains.kotlin.konan.target.KonanTarget$TVOS_X64                          : loaded 2 times (x 78B)
Class org.jetbrains.kotlin.gradle.plugin.diagnostics.KotlinToolingDiagnosticsSetupActionKt: loaded 2 times (x 71B)
Class org.jetbrains.kotlin.gradle.plugin.KotlinGradleBuildServices$Parameters$Inject  : loaded 2 times (x 106B)
Class org.jetbrains.kotlin.gradle.plugin.KotlinPluginWrapperKt$kotlinPluginVersionFromResources$1$1: loaded 2 times (x 71B)
Class com.google.common.collect.ObjectArrays                                          : loaded 2 times (x 71B)
Class com.google.common.collect.Multiset                                              : loaded 2 times (x 70B)
Class com.google.common.collect.ArrayListMultimapGwtSerializationDependencies         : loaded 2 times (x 172B)
Class com.google.common.collect.AbstractIndexedListIterator                           : loaded 2 times (x 96B)
Class com.google.common.math.MathPreconditions                                        : loaded 2 times (x 71B)
Class org.jetbrains.kotlin.tooling.core.Extras$Entry                                  : loaded 2 times (x 72B)
Class org.jetbrains.kotlin.gradle.plugin.sources.InternalKotlinSourceSetKt            : loaded 2 times (x 71B)
Class org.jetbrains.kotlin.gradle.internal.Kapt3GradleSubplugin$Kapt3SubpluginContext : loaded 2 times (x 72B)
Class org.jetbrains.kotlin.gradle.artifacts.KotlinTargetArtifact                      : loaded 2 times (x 70B)
Class org.jetbrains.kotlin.gradle.dsl.KotlinJvmCompilerOptionsDefault_Decorated       : loaded 2 times (x 171B)
Class org.jetbrains.kotlin.gradle.plugin.HasKotlinDependencies                        : loaded 2 times (x 70B)
Class org.jetbrains.kotlin.gradle.targets.native.toolchain.KotlinNativeBundleBuildService$Companion: loaded 2 times (x 71B)
Class org.jetbrains.kotlin.gradle.plugin.BuildEventsListenerRegistryHolder_Decorated  : loaded 2 times (x 119B)
Class org.jetbrains.kotlin.gradle.plugin.statistics.MetricContainer                   : loaded 2 times (x 72B)
Class org.jetbrains.kotlin.gradle.plugin.statistics.old.Pre232IdeaKotlinBuildStatsMXBean: loaded 2 times (x 70B)
Class org.jetbrains.kotlin.gradle.plugin.statistics.KotlinBuildStatsServicesRegistry  : loaded 2 times (x 78B)
Class org.jetbrains.kotlin.gradle.plugin.VariantImplementationFactoriesConfigurator   : loaded 2 times (x 76B)
Class com.google.common.collect.ImmutableMapEntrySet                                  : loaded 2 times (x 152B)
Class org.gradle.api.internal.classpath.Module                                        : loaded 2 times (x 70B)
Class build_6q5oo94nxfw5xjwjx3nrswi5t$_run_closure1$_closure3                         : loaded 2 times (x 139B)
Class build_6q5oo94nxfw5xjwjx3nrswi5t                                                 : loaded 2 times (x 181B)
Class org.jetbrains.kotlin.gradle.internal.transforms.BuildToolsApiClasspathEntrySnapshotTransform$Parameters_Decorated: loaded 2 times (x 157B)
Class org.jetbrains.kotlin.gradle.plugin.mpp.compilationImpl.KotlinCompilationSourceSetInclusion$Companion$includedSourceSets$2: loaded 2 times (x 78B)
Class org.jetbrains.kotlin.gradle.plugin.diagnostics.KotlinToolingDiagnosticsSetupActionKt$KotlinToolingDiagnosticsSetupAction$1$1: loaded 2 times (x 75B)
Class org.jetbrains.kotlin.gradle.targets.js.npm.NpmDirectoryDependencyWithExternalsExtension: loaded 2 times (x 70B)
Class org.jetbrains.kotlin.gradle.plugin.KotlinProjectSetupAction                     : loaded 2 times (x 70B)
Class org.jetbrains.kotlin.gradle.plugin.KotlinGradleFinishBuildHandler$Companion     : loaded 2 times (x 71B)
Class com.google.common.cache.Weigher                                                 : loaded 2 times (x 70B)
Class org.gradle.api.internal.classpath.UnknownModuleException                        : loaded 2 times (x 82B)
Class org.jetbrains.kotlin.gradle.plugin.mpp.InternalKotlinTargetComponentKt          : loaded 2 times (x 71B)
Class org.jetbrains.kotlin.gradle.plugin.mpp.InternalKotlinTarget$DefaultImpls        : loaded 2 times (x 71B)
Class org.jetbrains.kotlin.gradle.plugin.KotlinPluginLifecycleImpl$executeCurrentStageAndScheduleNext$3: loaded 2 times (x 75B)
Class org.jetbrains.kotlin.gradle.plugin.mpp.compilationImpl.KotlinCompilationRegisterInSourceSetsConfigurator$configure$1: loaded 2 times (x 79B)
Class org.jetbrains.kotlin.gradle.plugin.diagnostics.KotlinToolingDiagnosticsSetupActionKt$KotlinToolingDiagnosticsSetupAction$1$2: loaded 2 times (x 95B)
Class org.jetbrains.kotlin.gradle.targets.js.npm.NpmDependencyWithExternalsExtension  : loaded 2 times (x 70B)
Class org.jetbrains.kotlin.gradle.plugin.mpp.KotlinUsageContext                       : loaded 2 times (x 70B)
Class org.jetbrains.kotlin.gradle.plugin.KotlinTargetsContainer                       : loaded 2 times (x 70B)
Class org.jetbrains.kotlin.compilerRunner.GradleCliCommonizerKt                       : loaded 2 times (x 71B)
Class org.jetbrains.kotlin.gradle.utils.ConfigurationsKt                              : loaded 2 times (x 71B)
Class org.jetbrains.kotlin.gradle.plugin.StatisticsBuildFlowManager                   : loaded 2 times (x 72B)
Class org.jetbrains.kotlin.gradle.plugin.statistics.BuildFusService$Parameters        : loaded 2 times (x 70B)
Class org.jetbrains.kotlin.gradle.plugin.PluginWrappersKt                             : loaded 2 times (x 71B)
Class com.google.common.base.Stopwatch                                                : loaded 2 times (x 72B)
Class com.google.common.cache.LocalCache$Strength                                     : loaded 2 times (x 81B)
Class com.google.common.cache.Cache                                                   : loaded 2 times (x 70B)
Class org.jetbrains.kotlin.gradle.plugin.mpp.InternalKotlinTargetKt                   : loaded 2 times (x 71B)
Class org.jetbrains.kotlin.gradle.plugin.diagnostics.KotlinToolingDiagnosticsSetupActionKt$KotlinToolingDiagnosticsSetupAction$1$3: loaded 2 times (x 75B)
Class org.jetbrains.kotlin.gradle.targets.js.dsl.KotlinTargetWithNodeJsDsl            : loaded 2 times (x 70B)
Class org.jetbrains.kotlin.gradle.plugin.sources.DefaultKotlinSourceSetKt$defaultSourceSetLanguageSettingsChecker$1: loaded 2 times (x 78B)
Class org.jetbrains.kotlin.gradle.plugin.sources.InternalKotlinSourceSet              : loaded 2 times (x 70B)
Class org.jetbrains.kotlin.gradle.plugin.KotlinJvmPlugin                              : loaded 2 times (x 79B)
Class org.jetbrains.kotlin.gradle.plugin.mpp.SyncLanguageSettingsWithKotlinExtensionSetupActionKt$SyncLanguageSettingsWithKotlinExtensionSetupAction$1: loaded 2 times (x 95B)
Class org.jetbrains.kotlin.gradle.dsl.KotlinGradlePluginPublicDsl                     : loaded 2 times (x 70B)
Class org.jetbrains.kotlin.gradle.internal.properties.NativeProperties                : loaded 2 times (x 70B)
Class org.jetbrains.kotlin.statistics.BuildSessionLogger                              : loaded 2 times (x 77B)
Class org.jetbrains.kotlin.gradle.plugin.internal.ConfigurationCacheStartParameterAccessor: loaded 2 times (x 70B)
Class com.google.common.util.concurrent.AbstractFuture$Cancellation                   : loaded 2 times (x 72B)
Class com.google.common.collect.ImmutableMap$Builder                                  : loaded 2 times (x 82B)
Class org.jetbrains.kotlin.gradle.utils.FutureKt$future$2$1                           : loaded 2 times (x 95B)
Class [Lorg.jetbrains.kotlin.gradle.plugin.statistics.plugins.ObservablePlugins;      : loaded 2 times (x 69B)
Class org.jetbrains.kotlin.gradle.plugin.internal.BuildIdService$Companion$registerIfAbsent$1$1: loaded 2 times (x 75B)
Class org.jetbrains.kotlin.konan.target.KonanTarget$IOS_ARM64                         : loaded 2 times (x 78B)
Class org.jetbrains.kotlin.gradle.targets.js.dsl.KotlinWasmTargetDsl                  : loaded 2 times (x 70B)
Class org.jetbrains.kotlin.gradle.plugin.diagnostics.checkers.DisabledCinteropCommonizationInHmppProjectChecker$runChecks$1: loaded 2 times (x 88B)
Class org.jetbrains.kotlin.gradle.plugin.sources.ConsistencyCheck                     : loaded 2 times (x 72B)
Class org.jetbrains.kotlin.gradle.plugin.sources.DefaultKotlinSourceSetKt$defaultSourceSetLanguageSettingsChecker$2: loaded 2 times (x 78B)
Class org.jetbrains.kotlin.gradle.dsl.KotlinCommonToolOptions                         : loaded 2 times (x 70B)
Class org.jetbrains.kotlin.gradle.plugin.AbstractKotlinPlugin                         : loaded 2 times (x 78B)
Class org.jetbrains.kotlin.gradle.tasks.DefaultKotlinJavaToolchain$Companion$wireJvmTargetToJvm$1: loaded 2 times (x 75B)
Class org.jetbrains.kotlin.gradle.plugin.diagnostics.checkers.ComposePluginSuggestApplyChecker: loaded 2 times (x 74B)
Class org.jetbrains.kotlin.gradle.dsl.KotlinMultiplatformExtension                    : loaded 2 times (x 607B)
Class com.google.common.cache.RemovalListener                                         : loaded 2 times (x 70B)
Class org.gradle.api.internal.DefaultClassPathRegistry                                : loaded 2 times (x 76B)
Class org.jetbrains.kotlin.gradle.plugin.mpp.KotlinTargetSoftwareComponentImplKt$KotlinTargetSoftwareComponent$1$1$configuration$1: loaded 2 times (x 79B)
Class org.jetbrains.kotlin.gradle.targets.js.npm.DefaultPeerNpmDependencyExtension$delegate$1: loaded 2 times (x 167B)
Class org.jetbrains.kotlin.gradle.targets.js.npm.NpmDependency                        : loaded 2 times (x 97B)
Class org.jetbrains.kotlin.gradle.targets.js.npm.DefaultNpmDependencyExtension        : loaded 2 times (x 152B)
Class org.jetbrains.kotlin.gradle.targets.js.npm.NpmDependency$Scope                  : loaded 2 times (x 79B)
Class org.jetbrains.kotlin.gradle.plugin.sources.FragmentConsistencyChecks$unstableFeaturesCheck$1: loaded 2 times (x 79B)
Class org.jetbrains.kotlin.gradle.plugin.sources.DefaultKotlinSourceSet               : loaded 2 times (x 141B)
Class org.jetbrains.kotlin.gradle.plugin.diagnostics.checkers.AndroidSourceSetLayoutV1SourceSetsNotFoundChecker: loaded 2 times (x 74B)
Class org.jetbrains.kotlin.gradle.utils.ConfigurationsKt$sam$org_gradle_api_Action$0  : loaded 2 times (x 75B)
Class org.jetbrains.kotlin.gradle.plugin.VariantImplementationFactories$Parameters    : loaded 2 times (x 70B)
Class com.google.common.primitives.IntsMethodsForWeb                                  : loaded 2 times (x 71B)
Class com.google.common.collect.Multimap                                              : loaded 2 times (x 70B)
Class org.gradle.api.internal.ClassPathRegistry                                       : loaded 2 times (x 70B)
Class org.gradle.internal.classpath.DefaultClassPath$ImmutableUniqueList              : loaded 2 times (x 199B)
Class org.jetbrains.kotlin.gradle.plugin.KotlinCompilation$DefaultImpls               : loaded 2 times (x 71B)
Class org.jetbrains.kotlin.gradle.utils.ProviderApiUtilsKt$providerWithLazyConvention$1: loaded 2 times (x 74B)
Class org.jetbrains.kotlin.konan.target.KonanTarget$Companion$predefinedTargets$2     : loaded 2 times (x 78B)
Class org.jetbrains.kotlin.gradle.plugin.sources.FragmentConsistencyChecks$unstableFeaturesCheck$2: loaded 2 times (x 78B)
Class org.jetbrains.kotlin.gradle.plugin.KotlinPluginLifecycleImpl                    : loaded 2 times (x 80B)
Class org.jetbrains.kotlin.gradle.plugin.diagnostics.KotlinToolingDiagnostics$WasmWasiEnvironmentNotChosenExplicitly: loaded 2 times (x 73B)
Class org.jetbrains.kotlin.gradle.artifacts.KotlinNativeKlibArtifactKt$KotlinNativeKlibArtifact$1: loaded 2 times (x 74B)
Class org.jetbrains.kotlin.gradle.dsl.KotlinCommonCompilerOptionsDefault              : loaded 2 times (x 96B)
Class org.jetbrains.kotlin.gradle.dsl.KotlinCommonCompilerToolOptionsDefault          : loaded 2 times (x 84B)
Class com.google.common.collect.RegularImmutableMap$KeySet                            : loaded 2 times (x 152B)
Class org.jetbrains.kotlin.gradle.plugin.statistics.KotlinBuildStatisticsUtilsKt$collectGeneralConfigurationTimeMetrics$statisticOverhead$1$2: loaded 2 times (x 75B)
Class org.jetbrains.kotlin.gradle.plugin.StatisticsBuildFlowManager_Decorated         : loaded 2 times (x 119B)
Class org.jetbrains.kotlin.gradle.report.BuildReportMode$Companion                    : loaded 2 times (x 71B)
Class org.jetbrains.kotlin.gradle.plugin.VariantImplementationFactories$VariantImplementationFactory: loaded 2 times (x 70B)
Class com.google.common.base.Equivalence$Identity                                     : loaded 2 times (x 82B)
Class org.jetbrains.kotlin.gradle.utils.GradleAttributesContainerUtilsKt              : loaded 2 times (x 71B)
Class org.jetbrains.kotlin.gradle.plugin.mpp.ApplyUserDefinedAttributesKt$UserDefinedAttributesSetupAction$1$1: loaded 2 times (x 79B)
Class org.jetbrains.kotlin.compilerRunner.CompilerSystemPropertiesService             : loaded 2 times (x 80B)
Class org.jetbrains.kotlin.gradle.plugin.mpp.compilationImpl.KotlinCompilationImpl$1  : loaded 2 times (x 79B)
Class org.jetbrains.kotlin.gradle.targets.js.npm.SemVer$Companion                     : loaded 2 times (x 71B)
Class org.jetbrains.kotlin.konan.target.KonanTarget$LINUX_ARM64                       : loaded 2 times (x 78B)
Class org.jetbrains.kotlin.konan.target.KonanTarget$LINUX_X64                         : loaded 2 times (x 78B)
Class [Lorg.jetbrains.kotlin.konan.target.Architecture;                               : loaded 2 times (x 69B)
Class org.jetbrains.kotlin.gradle.targets.native.SetupEmbedAndSignAppleFrameworkTaskSideEffectKt$special$$inlined$KotlinTargetSideEffect$1: loaded 2 times (x 74B)
Class org.jetbrains.kotlin.gradle.plugin.mpp.KotlinUsages$KotlinCinteropCompatibility : loaded 2 times (x 77B)
Class org.jetbrains.kotlin.gradle.dsl.ExplicitApiMode                                 : loaded 2 times (x 79B)
Class org.jetbrains.kotlin.gradle.plugin.VariantImplementationFactories$Companion     : loaded 2 times (x 71B)
Class org.jetbrains.kotlin.gradle.plugin.internal.CustomPropertiesFileValueSource$Parameters_Decorated: loaded 2 times (x 134B)
Class org.jetbrains.kotlin.gradle.dsl.KotlinTopLevelExtensionConfig                   : loaded 2 times (x 70B)
Class com.google.common.cache.CacheBuilder                                            : loaded 2 times (x 72B)
Class com.google.common.collect.SingletonImmutableList                                : loaded 2 times (x 207B)
Class Settings_gradle$1                                                               : loaded 2 times (x 74B)
Class org.gradle.internal.classpath.ClassPath                                         : loaded 2 times (x 70B)
Class org.gradle.api.UncheckedIOException                                             : loaded 2 times (x 82B)
Class org.jetbrains.kotlin.gradle.plugin.mpp.compilationImpl.KotlinCompilationImpl$2  : loaded 2 times (x 79B)
Class com.google.common.base.JdkPattern                                               : loaded 2 times (x 75B)
Class org.jetbrains.kotlin.gradle.dsl.PlatformSourceSetConventionsChecker$runChecks$1 : loaded 2 times (x 88B)
Class org.jetbrains.kotlin.gradle.plugin.mpp.compilationImpl.KotlinCompilationProcessorSideEffectKt$KotlinCompilationProcessorSideEffect$1: loaded 2 times (x 74B)
Class org.jetbrains.kotlin.gradle.dsl.KotlinJvmCompilerOptionsDefault                 : loaded 2 times (x 108B)
Class org.jetbrains.kotlin.gradle.internal.UsesClassLoadersCachingBuildService        : loaded 2 times (x 70B)
Class com.google.common.collect.ImmutableList$ReverseImmutableList                    : loaded 2 times (x 209B)
Class com.google.errorprone.annotations.DoNotMock                                     : loaded 2 times (x 70B)
Class org.jetbrains.kotlin.gradle.internal.transforms.BuildToolsApiClasspathEntrySnapshotTransform$Parameters: loaded 2 times (x 88B)
Class org.jetbrains.kotlin.gradle.plugin.KotlinCompilationInfoKt                      : loaded 2 times (x 71B)
Class org.jetbrains.kotlin.gradle.tasks.KotlinCompile                                 : loaded 2 times (x 504B)
Class org.jetbrains.kotlin.gradle.internal.StdlibDependencyManagementKt               : loaded 2 times (x 71B)
Class org.jetbrains.kotlin.gradle.dsl.PlatformSourceSetConventionsChecker$runChecks$2 : loaded 2 times (x 78B)
Class org.jetbrains.kotlin.konan.target.KonanTarget$MINGW_X64                         : loaded 2 times (x 78B)
Class org.jetbrains.kotlin.gradle.utils.ObservableSet                                 : loaded 2 times (x 70B)
Class org.jetbrains.kotlin.gradle.plugin.diagnostics.KotlinToolingDiagnosticsCollectorKt: loaded 2 times (x 71B)
Class org.jetbrains.kotlin.gradle.plugin.mpp.HierarchyAttributeContainer              : loaded 2 times (x 83B)
Class org.jetbrains.kotlin.gradle.tasks.UsesKotlinJavaToolchain                       : loaded 2 times (x 70B)
Class org.jetbrains.kotlin.gradle.plugin.DefaultKotlinBasePlugin$apply$1              : loaded 2 times (x 75B)
Class org.jetbrains.kotlin.statistics.metrics.StringOverridePolicy$OVERRIDE           : loaded 2 times (x 85B)
Class org.jetbrains.kotlin.gradle.internal.properties.PropertiesBuildService$Params_Decorated: loaded 2 times (x 134B)
Class org.objectweb.asm.SymbolTable$Entry                                             : loaded 2 times (x 74B)
Class Native_plugin_loader_gradle                                                     : loaded 2 times (x 130B)
Class org.jetbrains.kotlin.gradle.plugin.mpp.KotlinTargetComponentWithCoordinatesAndPublication: loaded 2 times (x 70B)
Class org.jetbrains.kotlin.gradle.incremental.UsesIncrementalModuleInfoBuildService   : loaded 2 times (x 70B)
Class org.jetbrains.kotlin.konan.target.KonanTarget$ANDROID_X86                       : loaded 2 times (x 78B)
Class org.jetbrains.kotlin.gradle.dsl.PlatformSourceSetConventionsChecker$runChecks$3 : loaded 2 times (x 78B)
Class org.jetbrains.kotlin.gradle.plugin.RegisterKotlinPluginExtensionsKt             : loaded 2 times (x 71B)
Class org.jetbrains.kotlin.gradle.utils.CompilerOptionsKt$configureExperimentalTryNext$1$1: loaded 2 times (x 78B)
Class org.jetbrains.kotlin.gradle.utils.CompilerOptionsKt                             : loaded 2 times (x 71B)
Class org.jetbrains.kotlin.gradle.plugin.PropertiesProvider$Companion                 : loaded 2 times (x 71B)
Class org.jetbrains.kotlin.gradle.utils.SingleAction                                  : loaded 2 times (x 73B)
Class org.objectweb.asm.Edge                                                          : loaded 2 times (x 72B)
Class com.google.common.base.Suppliers$SupplierOfInstance                             : loaded 2 times (x 79B)
Class com.google.common.collect.Iterators$1                                           : loaded 2 times (x 81B)
Class org.jetbrains.kotlin.tooling.core.ExtrasPropertyKt$extrasLazyProperty$1         : loaded 2 times (x 94B)
Class org.jetbrains.kotlin.gradle.dsl.PlatformSourceSetConventionsChecker$runChecks$4 : loaded 2 times (x 78B)
Class org.jetbrains.kotlin.gradle.plugin.diagnostics.checkers.JsLikeEnvironmentChecker$runChecks$1: loaded 2 times (x 88B)
Class org.jetbrains.kotlin.gradle.plugin.diagnostics.KotlinToolingDiagnostics$WasmJsEnvironmentNotChosenExplicitly: loaded 2 times (x 73B)
Class org.jetbrains.kotlin.gradle.plugin.diagnostics.UsesKotlinToolingDiagnostics     : loaded 2 times (x 70B)
Class org.jetbrains.kotlin.statistics.metrics.BooleanAnonymizationPolicy$SAFE         : loaded 2 times (x 85B)
Class com.google.common.cache.LocalCache$ComputingValueReference                      : loaded 2 times (x 96B)
Class com.google.common.collect.SingletonImmutableSet                                 : loaded 2 times (x 146B)
Class com.google.common.collect.ImmutableMap$IteratorBasedImmutableMap                : loaded 2 times (x 126B)
Class org.jetbrains.kotlin.gradle.plugin.mpp.compilationImpl.DefaultKotlinCompilationSourceSetsContainer$allKotlinSourceSetsImpl$1$1: loaded 2 times (x 80B)
Class org.jetbrains.kotlin.gradle.plugin.mpp.compilationImpl.DefaultKotlinCompilationSourceSetsContainer: loaded 2 times (x 78B)
Class org.jetbrains.kotlin.konan.target.KonanTarget$TVOS_SIMULATOR_ARM64              : loaded 2 times (x 78B)
Class org.jetbrains.kotlin.konan.target.KonanTarget$Companion                         : loaded 2 times (x 71B)
Class org.jetbrains.kotlin.gradle.plugin.KotlinPluginLifecycle$Stage$Companion        : loaded 2 times (x 71B)
Class org.jetbrains.kotlin.gradle.plugin.diagnostics.checkers.DeprecatedKotlinNativeTargetsChecker: loaded 2 times (x 74B)
Class org.jetbrains.kotlin.gradle.targets.native.ConfigureFrameworkExportSideEffectKt$special$$inlined$KotlinTargetSideEffect$1: loaded 2 times (x 74B)
Class org.jetbrains.kotlin.tooling.core.AbstractExtras                                : loaded 2 times (x 141B)
Class com.google.common.cache.LocalCache$Segment                                      : loaded 2 times (x 154B)
Class Native_plugin_loader_gradle$NativePluginLoader$Companion                        : loaded 2 times (x 71B)
Class org.jetbrains.kotlin.gradle.internal.StdlibDependencyManagementKt$addStdlibDependency$1$1: loaded 2 times (x 79B)
Class org.jetbrains.kotlin.gradle.tasks.configuration.BaseKotlinCompileConfig$2$1     : loaded 2 times (x 75B)
Class org.jetbrains.kotlin.gradle.plugin.diagnostics.TransformActionUsingKotlinToolingDiagnostics: loaded 2 times (x 70B)
Class com.google.common.collect.SortedIterable                                        : loaded 2 times (x 70B)
Class org.jetbrains.kotlin.gradle.dsl.PlatformSourceSetConventionsChecker$runChecks$6 : loaded 2 times (x 88B)
Class org.jetbrains.kotlin.gradle.plugin.sources.DefaultKotlinSourceSet_Decorated     : loaded 2 times (x 192B)
Class org.jetbrains.kotlin.gradle.plugin.mpp.KotlinCompilationsKt                     : loaded 2 times (x 71B)
Class org.jetbrains.kotlin.statistics.metrics.StringOverridePolicy                    : loaded 2 times (x 85B)
Class org.jetbrains.kotlin.gradle.plugin.statistics.DefaultKotlinBuildStatsBeanService: loaded 2 times (x 92B)
Class org.jetbrains.kotlin.gradle.utils.GradleUtilsKt$registerClassLoaderScopedBuildService$1: loaded 2 times (x 74B)
Class com.google.common.collect.AbstractListMultimap                                  : loaded 2 times (x 172B)
Class [Lorg.objectweb.asm.SymbolTable$Entry;                                          : loaded 2 times (x 69B)
Class com.google.common.cache.CacheLoader                                             : loaded 2 times (x 74B)
Class com.google.common.collect.Iterators$4                                           : loaded 2 times (x 82B)
Class com.google.common.collect.ImmutableBiMap                                        : loaded 2 times (x 143B)
Class org.gradle.internal.installation.GradleInstallation$1                           : loaded 2 times (x 75B)
Class org.gradle.api.internal.classpath.ModuleRegistry                                : loaded 2 times (x 70B)
Class org.jetbrains.kotlin.gradle.plugin.KotlinPluginLifecycle$ProjectConfigurationResult: loaded 2 times (x 71B)
Class org.jetbrains.kotlin.gradle.internal.KotlinDependenciesManagementKt$configureDefaultVersionsResolutionStrategy$1: loaded 2 times (x 75B)
Class org.jetbrains.kotlin.gradle.internal.StdlibDependencyManagementKt$configureStdlibDefaultDependency$1: loaded 2 times (x 79B)
Class org.jetbrains.kotlin.gradle.model.builder.KotlinModelBuilder$Companion          : loaded 2 times (x 71B)
Class org.jetbrains.kotlin.gradle.plugin.mpp.compilationImpl.KotlinCreateResourcesTaskSideEffectKt: loaded 2 times (x 71B)
Class org.jetbrains.kotlin.gradle.targets.native.internal.SetupKotlinNativePlatformDependenciesAndStdlibKt: loaded 2 times (x 71B)
Class org.jetbrains.kotlin.gradle.plugin.mpp.KotlinUsages                             : loaded 2 times (x 71B)
Class org.jetbrains.kotlin.gradle.internal.properties.NativePropertiesLoader$Companion: loaded 2 times (x 71B)
Class [Lorg.jetbrains.kotlin.build.report.metrics.GradleBuildPerformanceMetric;       : loaded 2 times (x 69B)
Class org.jetbrains.kotlin.gradle.plugin.statistics.KotlinBuildStatsBeanService$Companion: loaded 2 times (x 71B)
Class org.jetbrains.kotlin.gradle.plugin.statistics.BuildFusService$Companion         : loaded 2 times (x 71B)
Class com.google.common.util.concurrent.internal.InternalFutureFailureAccess          : loaded 2 times (x 72B)
Class com.google.common.collect.Iterators$5                                           : loaded 2 times (x 82B)
Class com.google.common.collect.ImmutableSet$JdkBackedSetBuilderImpl                  : loaded 2 times (x 76B)
Class org.jetbrains.kotlin.gradle.plugin.HasCompilerOptions                           : loaded 2 times (x 70B)
Class org.jetbrains.kotlin.gradle.plugin.mpp.compilationImpl.DefaultKotlinCompilationFriendPathsResolver$FriendArtifactResolver: loaded 2 times (x 70B)
Class org.jetbrains.kotlin.konan.target.KonanTarget$WATCHOS_SIMULATOR_ARM64           : loaded 2 times (x 78B)
Class org.jetbrains.kotlin.gradle.targets.js.ir.KotlinJsIrTarget                      : loaded 2 times (x 254B)
Class org.jetbrains.kotlin.gradle.plugin.mpp.DefaultKotlinUsageContext                : loaded 2 times (x 108B)
Class org.jetbrains.kotlin.gradle.plugin.KotlinPluginLifecycleImpl$start$3            : loaded 2 times (x 79B)
Class org.jetbrains.kotlin.gradle.plugin.KotlinMultiplatformPluginWrapper             : loaded 2 times (x 86B)
Class [Lorg.jetbrains.kotlin.statistics.metrics.BooleanMetrics;                       : loaded 2 times (x 69B)
Class org.jetbrains.kotlin.gradle.internal.properties.PropertiesBuildService$Companion: loaded 2 times (x 71B)
Class com.google.common.cache.LocalCache$LocalManualCache$1                           : loaded 2 times (x 75B)
Class com.google.common.base.CharMatcher$ForPredicate                                 : loaded 2 times (x 112B)
Class build_8qklblgzzegc6bkwj0z77kbz2$_run_closure1                                   : loaded 2 times (x 139B)
Class org.jetbrains.kotlin.gradle.plugin.mpp.compilationImpl.KotlinCompilationConfigurationsContainer: loaded 2 times (x 70B)
Class org.jetbrains.kotlin.gradle.internal.StdlibDependencyManagementKt$addStdlibDependency$1: loaded 2 times (x 75B)
Class [Lorg.jetbrains.kotlin.gradle.plugin.KotlinPluginLifecycle$CoroutineStart;      : loaded 2 times (x 69B)
Class org.jetbrains.kotlin.gradle.dsl.IosSourceSetConventionChecker                   : loaded 2 times (x 74B)
Class org.jetbrains.kotlin.gradle.plugin.diagnostics.KotlinGradleProjectChecker       : loaded 2 times (x 70B)
Class org.jetbrains.kotlin.gradle.plugin.sources.KotlinSourceSetFactory$Companion     : loaded 2 times (x 71B)
Class org.jetbrains.kotlin.gradle.dsl.KotlinMultiplatformSourceSetConventions         : loaded 2 times (x 70B)
Class org.jetbrains.kotlin.statistics.metrics.NumberOverridePolicy$SUM                : loaded 2 times (x 85B)
Class com.google.common.base.CharMatcher$AnyOf                                        : loaded 2 times (x 112B)
Class com.google.common.collect.ImmutableCollection                                   : loaded 2 times (x 125B)
Class org.gradle.api.internal.classpath.DefaultModuleRegistry                         : loaded 2 times (x 86B)
Class org.jetbrains.kotlin.gradle.plugin.mpp.compilationImpl.factory.CompositePostConfigure: loaded 2 times (x 75B)
Class org.jetbrains.kotlin.gradle.targets.native.internal.CInteropConfigurationsKt    : loaded 2 times (x 71B)
Class org.jetbrains.kotlin.gradle.plugin.statistics.BuildFusService$Parameters$Inject : loaded 2 times (x 112B)
Class org.jetbrains.kotlin.build.report.metrics.GradleBuildTime$Companion             : loaded 2 times (x 71B)
Class org.jetbrains.kotlin.statistics.metrics.StatisticsValuesConsumer                : loaded 2 times (x 70B)
Class com.google.common.collect.Lists                                                 : loaded 2 times (x 71B)
Class com.google.common.util.concurrent.ListenableFuture                              : loaded 2 times (x 70B)
Class com.google.common.cache.ReferenceEntry                                          : loaded 2 times (x 70B)
Class com.google.common.base.Converter                                                : loaded 2 times (x 90B)
Class com.google.common.collect.ImmutableSet$CachingAsList                            : loaded 2 times (x 148B)
Class org.jetbrains.kotlin.gradle.model.builder.KotlinModelBuilder                    : loaded 2 times (x 76B)
Class [Lorg.jetbrains.kotlin.tooling.core.HasMutableExtras;                           : loaded 2 times (x 69B)
Class org.jetbrains.kotlin.gradle.plugin.diagnostics.checkers.GradleDeprecatedPropertyChecker: loaded 2 times (x 74B)
Class org.jetbrains.kotlin.gradle.artifacts.KotlinJsKlibArtifactKt$KotlinJsKlibArtifact$1: loaded 2 times (x 74B)
Class org.jetbrains.kotlin.gradle.targets.CreateTargetConfigurationsSideEffectKt      : loaded 2 times (x 71B)
Class org.jetbrains.kotlin.gradle.plugin.mpp.ApplyUserDefinedAttributesKt$UserDefinedAttributesSetupAction$1: loaded 2 times (x 95B)
Class org.jetbrains.kotlin.gradle.plugin.mpp.KotlinAndroidTarget                      : loaded 2 times (x 159B)
Class org.jetbrains.kotlin.gradle.plugin.DefaultKotlinBasePlugin$addKotlinCompilerConfiguration$1: loaded 2 times (x 75B)
Class org.jetbrains.kotlin.gradle.plugin.statistics.NonSynchronizedMetricsContainer   : loaded 2 times (x 82B)
Class org.jetbrains.kotlin.gradle.plugin.internal.DefaultCompatibilityConventionRegistrar: loaded 2 times (x 74B)
Class org.jetbrains.kotlin.gradle.plugin.PropertiesProvider                           : loaded 2 times (x 73B)
Class com.google.common.collect.AbstractMapBasedMultimap                              : loaded 2 times (x 139B)
Class com.google.common.util.concurrent.AbstractFuture                                : loaded 2 times (x 106B)
Class com.google.common.base.FunctionalEquivalence                                    : loaded 2 times (x 83B)
Class com.google.common.collect.Iterators$9                                           : loaded 2 times (x 81B)
Class com.google.common.collect.ImmutableAsList                                       : loaded 2 times (x 209B)
Class org.jetbrains.kotlin.gradle.plugin.mpp.MppSourcesJarKt$sourcesJarTask$1         : loaded 2 times (x 95B)
Class org.jetbrains.kotlin.gradle.plugin.mpp.compilationImpl.factory.KotlinCompilationImplFactory$KotlinCompilationOutputFactory: loaded 2 times (x 70B)
Class org.jetbrains.kotlin.konan.target.TargetSupportException                        : loaded 2 times (x 82B)
Class org.jetbrains.kotlin.gradle.plugin.KotlinCompilationToRunnableFiles             : loaded 2 times (x 70B)
Class org.jetbrains.kotlin.gradle.tooling.BuildKotlinToolingMetadataTaskKt            : loaded 2 times (x 71B)
Class org.jetbrains.kotlin.gradle.plugin.ProjectLocalConfigurations$setupAttributesMatchingStrategy$1$1: loaded 2 times (x 74B)
Class org.jetbrains.kotlin.gradle.targets.native.toolchain.KotlinNativeBundleBuildService$Companion$registerIfAbsent$2$1$1: loaded 2 times (x 75B)
Class org.jetbrains.kotlin.statistics.BuildSessionLogger$Companion                    : loaded 2 times (x 71B)
Class org.objectweb.asm.RecordComponentVisitor                                        : loaded 2 times (x 77B)
Class com.google.common.cache.CacheLoader$SupplierToCacheLoader                       : loaded 2 times (x 75B)
Class org.jetbrains.kotlin.gradle.plugin.mpp.MppSourcesJarKt                          : loaded 2 times (x 71B)
Class org.jetbrains.kotlin.compilerRunner.CompilerSystemPropertiesService$Companion$registerIfAbsent$2$1$1: loaded 2 times (x 75B)
Class org.jetbrains.kotlin.gradle.plugin.KotlinCompilationInfo                        : loaded 2 times (x 88B)
Class org.jetbrains.kotlin.tooling.core.ExtrasPropertyKt                              : loaded 2 times (x 71B)
Class org.jetbrains.kotlin.gradle.tasks.BaseKotlinCompile                             : loaded 2 times (x 70B)
Class org.jetbrains.kotlin.gradle.plugin.internal.UsesBuildIdProviderService          : loaded 2 times (x 70B)
Class org.jetbrains.kotlin.gradle.plugin.mpp.compilationImpl.KotlinCompilationSourceSetInclusion$include$1: loaded 2 times (x 79B)
Class org.jetbrains.kotlin.gradle.plugin.mpp.compilationImpl.factory.KotlinCompilationImplFactory$KotlinCompilationDependencyConfigurationsFactory: loaded 2 times (x 70B)
Class org.jetbrains.kotlin.gradle.plugin.KotlinPluginLifecycleCoroutineContextElement$Key: loaded 2 times (x 71B)
Class org.jetbrains.kotlin.gradle.plugin.diagnostics.KotlinToolingDiagnosticsSetupActionKt$KotlinToolingDiagnosticsSetupAction$1: loaded 2 times (x 74B)
Class org.jetbrains.kotlin.gradle.dsl.KotlinProjectExtensionKt                        : loaded 2 times (x 71B)
Class org.jetbrains.kotlin.gradle.plugin.KotlinGradleBuildServices$Parameters_Decorated: loaded 2 times (x 134B)
Class org.jetbrains.kotlin.gradle.plugin.DefaultKotlinBasePlugin$addKotlinCompilerConfiguration$3: loaded 2 times (x 75B)
Class [Lorg.jetbrains.kotlin.statistics.metrics.IMetricContainerFactory;              : loaded 2 times (x 69B)
Class org.jetbrains.kotlin.gradle.internal.IdeaKt                                     : loaded 2 times (x 71B)
Class org.gradle.internal.service.ServiceLookupException                              : loaded 2 times (x 82B)
Class org.jetbrains.kotlin.gradle.plugin.hierarchy.KotlinSourceSetTreeClassifierKt$sourceSetTreeClassifier$2: loaded 2 times (x 78B)
Class com.google.common.collect.ImmutableSortedSet                                    : loaded 2 times (x 300B)
Class org.jetbrains.kotlin.konan.target.HostManager                                   : loaded 2 times (x 72B)
Class org.jetbrains.kotlin.gradle.targets.js.npm.NpmDirectoryDependencyExtension      : loaded 2 times (x 70B)
Class org.jetbrains.kotlin.gradle.plugin.mpp.KotlinUsageContext$MavenScope            : loaded 2 times (x 79B)
Class org.jetbrains.kotlin.gradle.targets.native.KotilnNativeConfigureBinariesSideEffectKt$special$$inlined$KotlinTargetSideEffect$1: loaded 2 times (x 74B)
Class org.jetbrains.kotlin.gradle.plugin.KotlinProjectSetupAction$Companion           : loaded 2 times (x 71B)
Class [Lcom.google.common.cache.LocalCache$EntryFactory;                              : loaded 2 times (x 69B)
Class org.gradle.internal.classloader.ClassLoaderFactory                              : loaded 2 times (x 70B)
Class org.jetbrains.kotlin.gradle.plugin.SubpluginEnvironment                         : loaded 2 times (x 72B)
Class org.jetbrains.kotlin.gradle.internal.StdlibDependencyManagementKt$addStdlibDependency$1$1$1: loaded 2 times (x 75B)
Class com.google.common.base.CommonPattern                                            : loaded 2 times (x 74B)
Class org.jetbrains.kotlin.gradle.plugin.sources.AbstractKotlinSourceSet              : loaded 2 times (x 141B)
Class org.jetbrains.kotlin.gradle.tooling.BuildKotlinToolingMetadataTaskKt$RegisterBuildKotlinToolingMetadataTask$1: loaded 2 times (x 74B)
Class org.jetbrains.kotlin.compilerRunner.GradleCliCommonizerKt$maybeCreateCommonizerClasspathConfiguration$1$1: loaded 2 times (x 75B)
Class [Lorg.jetbrains.kotlin.build.report.metrics.ValueType;                          : loaded 2 times (x 69B)
Class com.google.common.cache.LocalCache$LocalManualCache                             : loaded 2 times (x 99B)
Class com.google.common.base.CharMatcher$IsNot                                        : loaded 2 times (x 111B)
Class org.gradle.internal.service.CachingServiceLocator                               : loaded 2 times (x 82B)
Class org.jetbrains.kotlin.gradle.plugin.KotlinTargetConfiguratorKt$WhenMappings      : loaded 2 times (x 71B)
Class com.google.common.collect.AbstractMapBasedMultimap$KeySet                       : loaded 2 times (x 137B)
Class com.google.common.collect.RegularImmutableSortedSet                             : loaded 2 times (x 300B)
Class org.jetbrains.kotlin.gradle.internal.KotlinTestDependencyManagementKt$configureKotlinTestDependency$1: loaded 2 times (x 79B)
Class org.jetbrains.kotlin.gradle.plugin.diagnostics.checkers.OverriddenKotlinNativeHomeChecker$StdlibExistenceCheckerValueSource$Params_Decorated: loaded 2 times (x 134B)
Class org.jetbrains.kotlin.project.model.LanguageSettings                             : loaded 2 times (x 70B)
Class org.jetbrains.kotlin.gradle.plugin.KotlinPluginLifecycleKt$kotlinPluginLifecycle$2: loaded 2 times (x 78B)
Class org.jetbrains.kotlin.gradle.plugin.statistics.BuildFusService$Companion$registerIfAbsent$1$1: loaded 2 times (x 79B)
Class org.jetbrains.kotlin.gradle.plugin.internal.CompatibilityConventionRegistrar$Factory: loaded 2 times (x 70B)
Class com.google.common.math.IntMath                                                  : loaded 2 times (x 71B)
Class build_8ayw9boupsayls3bammr2ltqy$_run_closure1$_closure3                         : loaded 2 times (x 139B)
Class build_8ayw9boupsayls3bammr2ltqy                                                 : loaded 2 times (x 180B)
Class org.jetbrains.kotlin.gradle.plugin.mpp.InternalKotlinCompilation$DefaultImpls   : loaded 2 times (x 71B)
Class org.jetbrains.kotlin.gradle.plugin.mpp.compilationImpl.KotlinCompilationSourceSetInclusion$DefaultAddSourcesToCompileTask: loaded 2 times (x 74B)
Class org.jetbrains.kotlin.gradle.internal.KotlinTestDependencyManagementKt$configureKotlinTestDependency$2: loaded 2 times (x 75B)
Class org.jetbrains.kotlin.gradle.dsl.PlatformSourceSetConventionsChecker$runChecks$$inlined$CheckedPlatformInfo$default$1: loaded 2 times (x 78B)
Class [Lorg.jetbrains.kotlin.gradle.plugin.KotlinPluginLifecycle$Stage;               : loaded 2 times (x 69B)
Class org.jetbrains.kotlin.gradle.artifacts.KotlinTargetArtifact$Companion            : loaded 2 times (x 71B)
Class org.jetbrains.kotlin.gradle.plugin.mpp.compilationImpl.KotlinCreateLifecycleTasksSideEffectKt$KotlinCreateLifecycleTasksSideEffect$1: loaded 2 times (x 74B)
Class org.jetbrains.kotlin.gradle.dsl.KotlinGradlePluginDsl                           : loaded 2 times (x 70B)
Class org.jetbrains.kotlin.tooling.core.MutableExtras                                 : loaded 2 times (x 70B)
Class org.jetbrains.kotlin.gradle.plugin.KotlinGradleBuildServices$detectKotlinPluginLoadedInMultipleProjects$onRegister$1: loaded 2 times (x 79B)
Class org.jetbrains.kotlin.build.report.metrics.BuildTime                             : loaded 2 times (x 70B)
Class com.google.common.collect.ImmutableMapEntry                                     : loaded 2 times (x 85B)
Class org.jetbrains.kotlin.gradle.tasks.CompileUsingKotlinDaemon                      : loaded 2 times (x 70B)
Class org.jetbrains.kotlin.gradle.plugin.mpp.KotlinWithJavaTarget                     : loaded 2 times (x 160B)
Class org.jetbrains.kotlin.gradle.utils.StoredPropertyKt$extrasStoredProperty$1       : loaded 2 times (x 78B)
Class org.jetbrains.kotlin.gradle.plugin.mpp.compilationImpl.KotlinCreateNativeCompileTasksSideEffectKt$special$$inlined$KotlinCompilationSideEffect$1: loaded 2 times (x 74B)
Class org.jetbrains.kotlin.gradle.targets.KotlinTargetSideEffect$Companion            : loaded 2 times (x 71B)
Class org.jetbrains.kotlin.gradle.dsl.KotlinSingleJavaTargetExtension                 : loaded 2 times (x 124B)
Class org.jetbrains.kotlin.gradle.plugin.KotlinPluginLifecycle$IllegalLifecycleException: loaded 2 times (x 82B)
Class org.jetbrains.kotlin.gradle.internal.properties.NativePropertiesLoader$userProvidedNativeHome$1: loaded 2 times (x 75B)
Class org.jetbrains.kotlin.gradle.plugin.KotlinGradleFinishBuildHandler               : loaded 2 times (x 72B)
Class [Lorg.jetbrains.kotlin.build.report.metrics.BuildPerformanceMetric;             : loaded 2 times (x 69B)
Class org.jetbrains.kotlin.statistics.metrics.StringOverridePolicy$CONCAT             : loaded 2 times (x 85B)
Class org.jetbrains.kotlin.gradle.dsl.KotlinTopLevelExtension                         : loaded 2 times (x 70B)
Class com.google.common.base.Equivalence                                              : loaded 2 times (x 82B)
Class com.google.common.base.Function                                                 : loaded 2 times (x 70B)
Class com.google.common.collect.ImmutableMapEntry$NonTerminalImmutableMapEntry        : loaded 2 times (x 85B)
Class org.jetbrains.kotlin.gradle.plugin.ProjectLocalConfigurationsKt                 : loaded 2 times (x 71B)
Class org.jetbrains.kotlin.gradle.plugin.mpp.compilationImpl.factory.KotlinCompilationImplFactory: loaded 2 times (x 72B)
Class org.jetbrains.kotlin.gradle.internal.KotlinDomApiDependencyManagementKt$addKotlinDomApiDependency$1: loaded 2 times (x 75B)
Class org.jetbrains.kotlin.gradle.plugin.diagnostics.checkers.KotlinTargetAlreadyDeclaredChecker$runChecks$1: loaded 2 times (x 88B)
Class org.jetbrains.kotlin.gradle.plugin.mpp.KotlinTargetWithBinaries                 : loaded 2 times (x 157B)
Class [Lorg.jetbrains.kotlin.gradle.plugin.KotlinSourceSet;                           : loaded 2 times (x 69B)
Class org.jetbrains.kotlin.gradle.plugin.diagnostics.checkers.JsEnvironmentChecker$1  : loaded 2 times (x 78B)
Class org.jetbrains.kotlin.gradle.plugin.diagnostics.KotlinToolingDiagnostics$JsLikeEnvironmentNotChosenExplicitly: loaded 2 times (x 73B)
Class org.jetbrains.kotlin.gradle.utils.StoredLazyProperty$getValue$1                 : loaded 2 times (x 79B)
Class org.jetbrains.kotlin.statistics.metrics.IMetricContainerFactory                 : loaded 2 times (x 70B)
Class org.jetbrains.kotlin.statistics.MetricValueValidationFailed                     : loaded 2 times (x 82B)
Class org.jetbrains.kotlin.gradle.plugin.PropertiesProvider$localProperties$2         : loaded 2 times (x 79B)
Class com.google.common.cache.CacheBuilder$OneWeigher                                 : loaded 2 times (x 82B)
Class com.google.common.collect.RegularImmutableList                                  : loaded 2 times (x 213B)
Class org.jetbrains.kotlin.gradle.tasks.configuration.KaptGenerateStubsConfig         : loaded 2 times (x 72B)
Class org.jetbrains.kotlin.gradle.targets.js.npm.SemVer                               : loaded 2 times (x 75B)
Class org.jetbrains.kotlin.gradle.plugin.diagnostics.checkers.JsEnvironmentChecker$2  : loaded 2 times (x 78B)
Class org.jetbrains.kotlin.gradle.utils.WhenPluginEnabledKt$whenPluginsEnabled$1      : loaded 2 times (x 75B)
Class org.jetbrains.kotlin.gradle.tasks.AbstractKotlinCompileTool                     : loaded 2 times (x 366B)
Class [Lorg.jetbrains.kotlin.gradle.report.BuildReportType;                           : loaded 2 times (x 69B)
Class org.jetbrains.kotlin.gradle.plugin.statistics.KotlinBuildStatsConfiguration     : loaded 2 times (x 72B)
Class org.jetbrains.kotlin.gradle.internal.properties.PropertiesBuildService$localProperties$2: loaded 2 times (x 79B)
Class org.gradle.internal.classloader.ClasspathUtil                                   : loaded 2 times (x 71B)
Class org.jetbrains.kotlin.gradle.dsl.KotlinCompile                                   : loaded 2 times (x 70B)
Class org.jetbrains.kotlin.gradle.plugin.mpp.compilationImpl.DefaultKotlinCompilationFriendPathsResolver$DefaultFriendArtifactResolver: loaded 2 times (x 74B)
Class org.jetbrains.kotlin.gradle.plugin.diagnostics.checkers.InternalGradlePropertiesUsageChecker$runChecks$1: loaded 2 times (x 88B)
Class org.jetbrains.kotlin.gradle.utils.StringUtilsKt$lowerCamelCaseName$1            : loaded 2 times (x 125B)
Class org.jetbrains.kotlin.gradle.plugin.diagnostics.checkers.JsEnvironmentChecker$3  : loaded 2 times (x 78B)
Class org.jetbrains.kotlin.gradle.dsl.JvmTarget$Companion                             : loaded 2 times (x 71B)
Class org.jetbrains.kotlin.gradle.internal.properties.NativePropertiesLoader$downloadFromMaven$1: loaded 2 times (x 75B)
Class org.jetbrains.kotlin.gradle.plugin.internal.DefaultConfigurationCacheStartParameterAccessor_Decorated: loaded 2 times (x 125B)
Class org.jetbrains.kotlin.gradle.plugin.internal.DefaultConfigurationCacheStartParameterAccessor: loaded 2 times (x 77B)
Class org.jetbrains.kotlin.tooling.core.HasExtras                                     : loaded 2 times (x 70B)
Class com.google.common.util.concurrent.Uninterruptibles                              : loaded 2 times (x 71B)
Class build_8ayw9boupsayls3bammr2ltqy$_run_closure1                                   : loaded 2 times (x 139B)
Class org.jetbrains.kotlin.gradle.plugin.sources.DefaultLanguageSettingsBuilder$freeCompilerArgsProvider$1: loaded 2 times (x 95B)
Class org.jetbrains.kotlin.konan.target.HostManager$Companion                         : loaded 2 times (x 71B)
Class org.jetbrains.kotlin.gradle.targets.js.npm.DevNpmDependencyExtension            : loaded 2 times (x 70B)
Class org.jetbrains.kotlin.gradle.plugin.diagnostics.checkers.PreHmppDependenciesUsageChecker: loaded 2 times (x 74B)
Class org.jetbrains.kotlin.gradle.targets.CreateArtifactsSideEffectKt                 : loaded 2 times (x 71B)
Class org.jetbrains.kotlin.gradle.plugin.AbstractKotlinMultiplatformPluginWrapper     : loaded 2 times (x 86B)
Class org.jetbrains.kotlin.gradle.utils.GradleConfigurationUtilsKt$addGradlePluginMetadataAttributes$1: loaded 2 times (x 75B)
Class org.jetbrains.kotlin.gradle.plugin.internal.DefaultProjectIsolationStartParameterAccessor: loaded 2 times (x 77B)
Class com.google.common.util.concurrent.LazyLogger                                    : loaded 2 times (x 72B)
Class com.google.common.collect.Maps                                                  : loaded 2 times (x 71B)
Class org.gradle.api.specs.Spec                                                       : loaded 2 times (x 70B)
Class org.jetbrains.kotlin.gradle.plugin.SubpluginEnvironment$Companion               : loaded 2 times (x 71B)
Class org.jetbrains.kotlin.gradle.plugin.mpp.ApplyUserDefinedAttributesKt$UserDefinedAttributesSetupAction$1$1$3: loaded 2 times (x 75B)
Class org.jetbrains.kotlin.gradle.tasks.configuration.BaseKotlinCompileConfig$Companion: loaded 2 times (x 71B)
Class org.jetbrains.kotlin.gradle.plugin.mpp.compilationImpl.KotlinCompilationImpl$Params: loaded 2 times (x 72B)
Class org.jetbrains.kotlin.konan.target.UtilsKt                                       : loaded 2 times (x 71B)
Class org.jetbrains.kotlin.gradle.tooling.BuildKotlinToolingMetadataTask              : loaded 2 times (x 317B)
Class org.jetbrains.kotlin.gradle.plugin.internal.CompatibilityConventionRegistrarKt  : loaded 2 times (x 71B)
Class org.jetbrains.kotlin.gradle.artifacts.KotlinJvmJarArtifactKt                    : loaded 2 times (x 71B)
Class org.jetbrains.kotlin.gradle.plugin.mpp.compilationImpl.CreateCInteropTasksSideEffectKt$special$$inlined$KotlinCompilationSideEffect$1: loaded 2 times (x 74B)
Class org.jetbrains.kotlin.gradle.plugin.statistics.FinalizeConfigurationFusMetricActionKt: loaded 2 times (x 71B)
Class org.jetbrains.kotlin.gradle.targets.native.toolchain.KotlinNativeBundleBuildService$Companion$registerIfAbsent$2$1: loaded 2 times (x 79B)
Class org.jetbrains.kotlin.build.report.metrics.GradleBuildPerformanceMetric$Companion: loaded 2 times (x 71B)
Class org.jetbrains.kotlin.gradle.plugin.statistics.KotlinBuildStatsBeanService       : loaded 2 times (x 87B)
Class [Lcom.google.common.collect.ImmutableEntry;                                     : loaded 2 times (x 69B)
Class build_8qklblgzzegc6bkwj0z77kbz2                                                 : loaded 2 times (x 180B)
Class org.jetbrains.kotlin.tooling.core.ExtrasLazyProperty                            : loaded 2 times (x 70B)
Class org.jetbrains.kotlin.gradle.internal.properties.NativeProperties$Companion      : loaded 2 times (x 71B)
Class org.jetbrains.kotlin.gradle.utils.StringUtilsKt                                 : loaded 2 times (x 71B)
Class org.jetbrains.kotlin.gradle.targets.ConfigureBuildSideEffectKt$ConfigureBuildSideEffect$1: loaded 2 times (x 74B)
Class org.jetbrains.kotlin.gradle.utils.CompletableFuture                             : loaded 2 times (x 70B)
Class org.jetbrains.kotlin.build.report.metrics.BuildPerformanceMetric                : loaded 2 times (x 70B)
Class [Lorg.jetbrains.kotlin.statistics.metrics.StringOverridePolicy;                 : loaded 2 times (x 69B)
Class com.google.common.cache.LocalCache$LoadingValueReference                        : loaded 2 times (x 96B)
Class com.google.common.base.PairwiseEquivalence                                      : loaded 2 times (x 83B)
Class com.google.common.base.Platform                                                 : loaded 2 times (x 71B)
Class org.jetbrains.kotlin.gradle.plugin.diagnostics.checkers.OverriddenKotlinNativeHomeChecker$StdlibExistenceCheckerValueSource$Params$Inject: loaded 2 times (x 106B)
Class org.jetbrains.kotlin.gradle.plugin.diagnostics.checkers.CommonMainOrTestWithDependsOnChecker: loaded 2 times (x 74B)
Class org.jetbrains.kotlin.gradle.artifacts.KotlinNativeHostSpecificMetadataArtifactKt: loaded 2 times (x 71B)
Class org.jetbrains.kotlin.gradle.plugin.mpp.compilationImpl.KotlinCreateLifecycleTasksSideEffectKt: loaded 2 times (x 71B)
Class org.jetbrains.kotlin.gradle.plugin.KotlinTarget                                 : loaded 2 times (x 70B)
Class org.jetbrains.kotlin.gradle.utils.ConfigurationsKt$createResolvable$1           : loaded 2 times (x 78B)
Class [Lorg.jetbrains.kotlin.statistics.metrics.BooleanAnonymizationPolicy;           : loaded 2 times (x 69B)
Class build_dzit8o6ntpgsav7udw23ydhqf$_run_closure1$_closure3                         : loaded 2 times (x 139B)
Class org.jetbrains.kotlin.gradle.plugin.KotlinGradleBuildServices$Inject             : loaded 2 times (x 100B)
Class org.jetbrains.kotlin.compilerRunner.CompilerSystemPropertiesService$Parameters  : loaded 2 times (x 70B)
Class org.jetbrains.kotlin.gradle.plugin.mpp.compilationImpl.KotlinCompilationSourceSetsContainer: loaded 2 times (x 70B)
Class org.jetbrains.kotlin.gradle.artifacts.KotlinNativeKlibArtifactKt                : loaded 2 times (x 71B)
Class org.jetbrains.kotlin.gradle.plugin.ProjectLocalConfigurations                   : loaded 2 times (x 71B)
Class org.jetbrains.kotlin.gradle.plugin.mpp.KotlinUsages$KotlinUsagesDisambiguation  : loaded 2 times (x 76B)
Class org.jetbrains.kotlin.tooling.core.Extras$Key$Companion                          : loaded 2 times (x 71B)
Class org.jetbrains.kotlin.tooling.core.Extras$Key                                    : loaded 2 times (x 72B)
Class [Lorg.objectweb.asm.AnnotationWriter;                                           : loaded 2 times (x 69B)
Class com.google.common.collect.Maps$8                                                : loaded 2 times (x 82B)
Class build_dzit8o6ntpgsav7udw23ydhqf$_run_closure1                                   : loaded 2 times (x 139B)
Class org.jetbrains.kotlin.gradle.utils.Completable$await$1                           : loaded 2 times (x 88B)
Class com.google.common.collect.ImmutableRangeSet$Builder                             : loaded 2 times (x 77B)
Class [Lcom.google.common.collect.Iterators$EmptyModifiableIterator;                  : loaded 2 times (x 69B)
Class org.jetbrains.kotlin.gradle.plugin.diagnostics.CheckKotlinGradlePluginConfigurationErrors: loaded 2 times (x 319B)
Class org.jetbrains.kotlin.gradle.plugin.sources.DefaultKotlinSourceSetKt             : loaded 2 times (x 71B)
Class org.jetbrains.kotlin.gradle.dsl.KotlinJvmOptions                                : loaded 2 times (x 70B)
Class org.jetbrains.kotlin.gradle.plugin.mpp.HierarchyAttributeContainer$1            : loaded 2 times (x 78B)
Class org.jetbrains.kotlin.gradle.plugin.KotlinPluginLifecycle                        : loaded 2 times (x 70B)
Class org.jetbrains.kotlin.gradle.plugin.KotlinJsPluginWrapper                        : loaded 2 times (x 86B)
Class org.jetbrains.kotlin.gradle.dsl.ToolchainSupport                                : loaded 2 times (x 70B)
Class org.jetbrains.kotlin.tooling.core.Extras                                        : loaded 2 times (x 70B)
Class org.jetbrains.kotlin.gradle.plugin.mpp.InternalKotlinTarget                     : loaded 2 times (x 70B)
Class org.jetbrains.kotlin.statistics.metrics.NumberAnonymizationPolicy$RANDOM_10_PERCENT: loaded 2 times (x 85B)
Class org.jetbrains.kotlin.statistics.metrics.StringMetrics                           : loaded 2 times (x 80B)
Class com.google.common.collect.Sets$SetView                                          : loaded 2 times (x 138B)
Class com.google.common.cache.LocalCache$StrongValueReference                         : loaded 2 times (x 90B)
Class org.jetbrains.kotlin.gradle.plugin.mpp.KotlinTargetSoftwareComponentImpl        : loaded 2 times (x 90B)
Class org.jetbrains.kotlin.gradle.plugin.mpp.DefaultKotlinUsageContext$PublishOnlyIf  : loaded 2 times (x 70B)
Class org.jetbrains.kotlin.gradle.dsl.KotlinCommonCompilerOptionsHelper               : loaded 2 times (x 71B)
Class org.jetbrains.kotlin.gradle.plugin.KotlinJvmPlugin$Companion                    : loaded 2 times (x 71B)
Class org.jetbrains.kotlin.gradle.plugin.diagnostics.KotlinToolingDiagnostics         : loaded 2 times (x 71B)
Class org.jetbrains.kotlin.gradle.artifacts.KotlinMetadataArtifactKt                  : loaded 2 times (x 71B)
Class org.jetbrains.kotlin.gradle.targets.CreateArtifactsSideEffectKt$CreateArtifactsSideEffect$1: loaded 2 times (x 74B)
Class org.jetbrains.kotlin.gradle.internal.properties.PropertiesBuildService$property$1$valueFromGradleAndLocalProperties$1: loaded 2 times (x 75B)
Class org.jetbrains.kotlin.gradle.plugin.KotlinPluginWrapperKt$kotlinToolingVersion$2 : loaded 2 times (x 78B)
Class org.objectweb.asm.Type                                                          : loaded 2 times (x 72B)
Class org.gradle.internal.classloader.VisitableURLClassLoader$InstrumentingVisitableURLClassLoader: loaded 2 times (x 123B)
Class org.jetbrains.kotlin.gradle.plugin.mpp.DefaultKotlinUsageContext$1              : loaded 2 times (x 74B)
Class org.jetbrains.kotlin.gradle.plugin.mpp.compilationImpl.KotlinCompilationImpl$associateWith$2: loaded 2 times (x 79B)
Class org.jetbrains.kotlin.gradle.plugin.hierarchy.KotlinSourceSetTreeClassifier      : loaded 2 times (x 70B)
Class org.jetbrains.kotlin.gradle.plugin.mpp.compilationImpl.KotlinCompilationAssociator: loaded 2 times (x 70B)
Class org.jetbrains.kotlin.konan.target.UtilsKt$evaluatePresetName$1                  : loaded 2 times (x 78B)
Class org.jetbrains.kotlin.gradle.plugin.mpp.KotlinNativeTarget                       : loaded 2 times (x 167B)
Class org.jetbrains.kotlin.gradle.plugin.diagnostics.checkers.KotlinSourceSetTreeDependsOnMismatchChecker$runChecks$1: loaded 2 times (x 88B)
Class org.jetbrains.kotlin.gradle.plugin.diagnostics.checkers.PreHmppDependenciesUsageChecker$runChecks$1: loaded 2 times (x 88B)
Class org.jetbrains.kotlin.gradle.utils.ProjectExtensionsKt                           : loaded 2 times (x 71B)
Class org.jetbrains.kotlin.gradle.plugin.KotlinSourceSetTree$Companion                : loaded 2 times (x 71B)
Class org.jetbrains.kotlin.gradle.plugin.diagnostics.KotlinGradleProjectChecker$Companion: loaded 2 times (x 71B)
Class org.jetbrains.kotlin.gradle.plugin.KotlinGradleBuildServices$Parameters         : loaded 2 times (x 70B)
Class org.jetbrains.kotlin.gradle.plugin.statistics.BuildFusService$Companion$registerIfAbsent$1$1$1: loaded 2 times (x 75B)
Class org.jetbrains.kotlin.statistics.fileloggers.MetricsContainer$Companion          : loaded 2 times (x 71B)
Class org.objectweb.asm.ByteVector                                                    : loaded 2 times (x 79B)
Class [Lcom.google.common.cache.CacheBuilder$NullListener;                            : loaded 2 times (x 69B)
Class com.google.common.math.IntMath$1                                                : loaded 2 times (x 71B)
Class org.gradle.internal.classloader.VisitableURLClassLoader$Spec                    : loaded 2 times (x 74B)
Class org.gradle.internal.classpath.DefaultClassPath                                  : loaded 2 times (x 90B)
Class org.jetbrains.kotlin.gradle.plugin.mpp.KotlinSoftwareComponentKt                : loaded 2 times (x 71B)
Class org.jetbrains.kotlin.gradle.plugin.mpp.compilationImpl.KotlinCompilationSourceSetInclusion$AddSourcesToCompileTask: loaded 2 times (x 70B)
Class org.jetbrains.kotlin.konan.target.Architecture                                  : loaded 2 times (x 79B)
Class [Lorg.jetbrains.kotlin.gradle.plugin.HasProject;                                : loaded 2 times (x 69B)
Class org.jetbrains.kotlin.gradle.utils.MutableObservableSetImpl                      : loaded 2 times (x 163B)
Class org.jetbrains.kotlin.gradle.tasks.KotlinTasksProvider                           : loaded 2 times (x 72B)
Class org.jetbrains.kotlin.gradle.dsl.DefaultToolchainSupport$wireToolchainToTasks$1  : loaded 2 times (x 75B)
Class org.jetbrains.kotlin.gradle.dsl.KotlinCommonCompilerOptions                     : loaded 2 times (x 70B)
Class org.jetbrains.kotlin.gradle.plugin.KotlinJsCompilerTypeHolder                   : loaded 2 times (x 70B)
Class [Lorg.jetbrains.kotlin.build.report.metrics.GradleBuildTime;                    : loaded 2 times (x 69B)
Class org.jetbrains.kotlin.gradle.internal.properties.PropertiesBuildService$MemoizedCallable: loaded 2 times (x 75B)
Class org.objectweb.asm.Symbol                                                        : loaded 2 times (x 73B)
Class org.jetbrains.kotlin.gradle.plugin.cocoapods.KotlinCocoapodsPlugin$Companion    : loaded 2 times (x 71B)
Class org.jetbrains.kotlin.gradle.plugin.mpp.compilationImpl.KotlinCompilationImpl    : loaded 2 times (x 140B)
Class [Lorg.jetbrains.kotlin.gradle.plugin.mpp.compilationImpl.factory.KotlinCompilationImplFactory$PostConfigure;: loaded 2 times (x 69B)
Class org.jetbrains.kotlin.konan.target.KonanTarget$MACOS_X64                         : loaded 2 times (x 78B)
Class org.jetbrains.kotlin.gradle.plugin.KotlinSourceSet$Companion                    : loaded 2 times (x 71B)
Class org.jetbrains.kotlin.konan.util.Named                                           : loaded 2 times (x 70B)
Class [Lorg.jetbrains.kotlin.gradle.report.BuildReportMode;                           : loaded 2 times (x 69B)
Class org.jetbrains.kotlin.statistics.metrics.BooleanOverridePolicy                   : loaded 2 times (x 85B)
Class com.google.common.base.CharMatcher$BitSetMatcher                                : loaded 2 times (x 112B)
Class com.google.common.collect.RegularImmutableMap$Values                            : loaded 2 times (x 207B)
Class com.google.common.collect.ImmutableSet                                          : loaded 2 times (x 145B)
Class org.jetbrains.kotlin.gradle.plugin.AbstractKotlinAndroidPluginWrapper           : loaded 2 times (x 86B)
Class org.gradle.internal.classloader.ClassLoaderSpec                                 : loaded 2 times (x 71B)
Class org.jetbrains.kotlin.gradle.plugin.mpp.KotlinCompilationsKt$moduleNameForCompilation$1: loaded 2 times (x 75B)
Class org.jetbrains.kotlin.gradle.plugin.sources.KotlinDependencyScopeKt              : loaded 2 times (x 71B)
Class org.jetbrains.kotlin.gradle.plugin.diagnostics.TransformActionUsingKotlinToolingDiagnostics$Parameters: loaded 2 times (x 70B)
Class org.jetbrains.kotlin.compilerRunner.CompilerSystemPropertiesService$Companion$registerIfAbsent$2$1: loaded 2 times (x 79B)
Class org.jetbrains.kotlin.gradle.plugin.mpp.KotlinCompilationsKt$addSourcesToKotlinCompileTask$1: loaded 2 times (x 75B)
Class org.jetbrains.kotlin.gradle.internal.KotlinDependenciesManagementKt$configureDefaultVersionsResolutionStrategy$1$1: loaded 2 times (x 75B)
Class org.jetbrains.kotlin.gradle.utils.KotlinExtensionUtilsKt$forAllTargets$1        : loaded 2 times (x 95B)
Class org.jetbrains.kotlin.gradle.plugin.diagnostics.CheckKotlinGradlePluginConfigurationErrorsKt$locateOrRegisterCheckKotlinGradlePluginErrorsTask$taskProvider$1: loaded 2 times (x 75B)
Class org.jetbrains.kotlin.gradle.plugin.diagnostics.checkers.OverriddenKotlinNativeHomeChecker$StdlibExistenceCheckerValueSource$Params: loaded 2 times (x 70B)
Class org.jetbrains.kotlin.gradle.dsl.PlatformSourceSetConventionsChecker$nativeTargetPresets$1$1: loaded 2 times (x 79B)
Class org.jetbrains.kotlin.gradle.tooling.BuildKotlinToolingMetadataTaskKt$buildKotlinToolingMetadataTask$1: loaded 2 times (x 78B)
Class org.jetbrains.kotlin.gradle.internal.Kapt3GradleSubplugin$Companion             : loaded 2 times (x 71B)
Class org.jetbrains.kotlin.gradle.plugin.mpp.compilationImpl.KotlinCreateCompilationArchiveTaskKt$KotlinRegisterCompilationArchiveTasksExtension$1: loaded 2 times (x 74B)
Class [Lorg.jetbrains.kotlin.statistics.metrics.NumberOverridePolicy;                 : loaded 2 times (x 69B)
Class org.jetbrains.kotlin.gradle.internal.properties.PropertiesBuildService$GradleProperty: loaded 2 times (x 70B)
Class org.jetbrains.kotlin.gradle.utils.StoredPropertyKt$projectStoredProperty$1      : loaded 2 times (x 78B)
Class org.objectweb.asm.AnnotationWriter                                              : loaded 2 times (x 79B)
Class com.google.common.cache.CacheStats                                              : loaded 2 times (x 71B)
Class org.jetbrains.kotlin.gradle.plugin.mpp.SyncLanguageSettingsWithKotlinExtensionSetupActionKt$SyncLanguageSettingsWithKotlinExtensionSetupAction$1$1: loaded 2 times (x 75B)
Class org.jetbrains.kotlin.gradle.tasks.configuration.TaskConfigAction$configureTask$1: loaded 2 times (x 79B)
Class org.jetbrains.kotlin.gradle.plugin.diagnostics.checkers.DuplicateSourceSetChecker$runChecks$1: loaded 2 times (x 88B)
Class org.jetbrains.kotlin.gradle.plugin.diagnostics.ToolingDiagnostic$Severity       : loaded 2 times (x 79B)
Class org.jetbrains.kotlin.gradle.dsl.JvmTarget                                       : loaded 2 times (x 79B)
Class org.jetbrains.kotlin.gradle.internal.ClassLoadersCachingBuildService            : loaded 2 times (x 76B)
Class org.jetbrains.kotlin.gradle.plugin.VariantImplementationFactories$Inject        : loaded 2 times (x 106B)
Class org.jetbrains.kotlin.gradle.plugin.VariantImplementationFactoriesConfigurator$Companion: loaded 2 times (x 71B)
Class org.objectweb.asm.RecordComponentWriter                                         : loaded 2 times (x 78B)
Class com.google.common.util.concurrent.AbstractFuture$Listener                       : loaded 2 times (x 72B)
Class com.google.common.base.CharMatcher$Or                                           : loaded 2 times (x 112B)
Class Settings_gradle$1$1                                                             : loaded 2 times (x 74B)
Class org.jetbrains.kotlin.gradle.plugin.mpp.SyncLanguageSettingsWithKotlinExtensionSetupActionKt$SyncLanguageSettingsWithKotlinExtensionSetupAction$1$2: loaded 2 times (x 75B)
Class org.jetbrains.kotlin.gradle.plugin.internal.BuildIdService$Companion            : loaded 2 times (x 71B)
Class org.jetbrains.kotlin.gradle.plugin.diagnostics.checkers.OverriddenKotlinNativeHomeChecker$StdlibExistenceCheckerValueSource$Companion: loaded 2 times (x 71B)
Class org.jetbrains.kotlin.gradle.targets.js.dsl.KotlinWasmSubTargetContainerDsl      : loaded 2 times (x 70B)
Class org.jetbrains.kotlin.gradle.plugin.diagnostics.checkers.WasmWasiEnvironmentChecker$1: loaded 2 times (x 78B)
Class org.jetbrains.kotlin.gradle.plugin.diagnostics.checkers.DisabledCinteropCommonizationInHmppProjectChecker: loaded 2 times (x 74B)
Class org.jetbrains.kotlin.gradle.plugin.diagnostics.checkers.NoKotlinTargetsDeclaredChecker: loaded 2 times (x 74B)
Class org.jetbrains.kotlin.gradle.utils.StoredPropertyStorage                         : loaded 2 times (x 72B)
Class org.jetbrains.kotlin.gradle.plugin.KotlinSourceSetContainer                     : loaded 2 times (x 70B)
Class org.objectweb.asm.Attribute                                                     : loaded 2 times (x 77B)
Class com.google.common.base.Supplier                                                 : loaded 2 times (x 70B)
Class org.gradle.internal.classloader.VisitableURLClassLoader                         : loaded 2 times (x 117B)
Class org.jetbrains.kotlin.gradle.internal.properties.NativePropertiesLoader$isUseXcodeMessageStyleEnabled$1: loaded 2 times (x 75B)
Class org.jetbrains.kotlin.gradle.plugin.statistics.plugins.ObservablePlugins         : loaded 2 times (x 79B)
Class org.jetbrains.kotlin.gradle.plugin.sources.InternalKotlinSourceSetKt$awaitPlatformCompilations$1: loaded 2 times (x 88B)
Class [Lorg.jetbrains.kotlin.gradle.plugin.sources.KotlinDependencyScope;             : loaded 2 times (x 69B)
Class org.jetbrains.kotlin.gradle.tasks.configuration.BaseKotlinCompileConfig$configureCommonParameters$1: loaded 2 times (x 74B)
Class org.jetbrains.kotlin.gradle.plugin.mpp.compilationImpl.factory.ConfigurationNaming: loaded 2 times (x 70B)
Class org.jetbrains.kotlin.gradle.plugin.mpp.compilationImpl.DefaultKotlinCompilationPostConfigureKt: loaded 2 times (x 71B)
Class org.jetbrains.kotlin.konan.target.KonanTarget$WATCHOS_X64                       : loaded 2 times (x 78B)
Class org.jetbrains.kotlin.gradle.plugin.diagnostics.KotlinGradleProjectCheckersRunnerKt: loaded 2 times (x 71B)
Class [Lorg.jetbrains.kotlin.tooling.core.HasExtras;                                  : loaded 2 times (x 69B)
Class org.jetbrains.kotlin.gradle.plugin.diagnostics.checkers.IncorrectCompileOnlyDependenciesChecker: loaded 2 times (x 74B)
Class org.jetbrains.kotlin.gradle.plugin.diagnostics.checkers.WasmWasiEnvironmentChecker$2: loaded 2 times (x 78B)
Class org.jetbrains.kotlin.gradle.dsl.DefaultToolchainSupport$wireToolchainToTasks$1$1: loaded 2 times (x 75B)
Class org.jetbrains.kotlin.gradle.utils.SingleActionPerProject                        : loaded 2 times (x 73B)
Class org.jetbrains.kotlin.gradle.plugin.DefaultKotlinBasePlugin                      : loaded 2 times (x 82B)
Class org.gradle.internal.Cast                                                        : loaded 2 times (x 71B)
Class org.gradle.api.Action                                                           : loaded 2 times (x 70B)
Class [Lorg.jetbrains.kotlin.gradle.plugin.mpp.KotlinUsageContext$MavenScope;         : loaded 2 times (x 69B)
Class org.jetbrains.kotlin.gradle.tasks.configuration.BaseKotlinCompileConfig$configureCommonParameters$2: loaded 2 times (x 75B)
Class org.jetbrains.kotlin.gradle.plugin.mpp.compilationImpl.KotlinCompilationCompilerOptionsFromTargetConfigurator: loaded 2 times (x 74B)
Class com.google.common.base.Strings                                                  : loaded 2 times (x 71B)
Class org.jetbrains.kotlin.gradle.utils.FailuresKt$ideaSyncClasspathModeUtil$1        : loaded 2 times (x 72B)
Class org.jetbrains.kotlin.gradle.plugin.diagnostics.KotlinToolingDiagnosticsCollector$Inject: loaded 2 times (x 96B)
Class org.jetbrains.kotlin.gradle.artifacts.KotlinJsKlibArtifactKt                    : loaded 2 times (x 71B)
Class org.jetbrains.kotlin.gradle.dsl.KotlinTargetContainerWithWasmPresetFunctions    : loaded 2 times (x 70B)
Class org.jetbrains.kotlin.gradle.plugin.GradleUtilsKt                                : loaded 2 times (x 71B)
Class org.jetbrains.kotlin.gradle.internal.properties.PropertiesBuildService          : loaded 2 times (x 76B)
Class com.google.common.collect.Sets                                                  : loaded 2 times (x 71B)
Class org.objectweb.asm.Handler                                                       : loaded 2 times (x 72B)
Class com.google.common.base.Ticker                                                   : loaded 2 times (x 72B)
Class com.google.common.base.CharMatcher$FastMatcher                                  : loaded 2 times (x 111B)
Class org.jetbrains.kotlin.gradle.plugin.KotlinTarget$DefaultImpls                    : loaded 2 times (x 71B)
Class org.jetbrains.kotlin.gradle.plugin.diagnostics.KotlinToolingDiagnosticsCollector: loaded 2 times (x 76B)
Class org.jetbrains.kotlin.gradle.plugin.mpp.compilationImpl.KotlinCreateCompilationArchiveTaskKt: loaded 2 times (x 71B)
Class org.jetbrains.kotlin.tooling.core.MutableExtrasImpl                             : loaded 2 times (x 165B)
Class org.jetbrains.kotlin.gradle.plugin.statistics.KotlinBuildStatsMXBean            : loaded 2 times (x 70B)
Class org.jetbrains.kotlin.gradle.utils.FileUtilsKt                                   : loaded 2 times (x 71B)
Class [Lcom.google.common.cache.LocalCache$Segment;                                   : loaded 2 times (x 69B)
Class [Lcom.google.common.cache.LocalCache$Strength;                                  : loaded 2 times (x 69B)
Class com.google.common.cache.CacheBuilder$1                                          : loaded 2 times (x 85B)
Class com.google.common.base.Predicate                                                : loaded 2 times (x 70B)
Class com.google.common.collect.ImmutableMap                                          : loaded 2 times (x 120B)
Class org.gradle.internal.classpath.DefaultClassPath$ImmutableUniqueList$Builder      : loaded 2 times (x 75B)
Class org.jetbrains.kotlin.gradle.plugin.mpp.KotlinCompilationFactory$DefaultImpls    : loaded 2 times (x 71B)
Class com.google.common.collect.AbstractRangeSet                                      : loaded 2 times (x 114B)
Class org.jetbrains.kotlin.gradle.plugin.diagnostics.checkers.InternalGradlePropertiesUsageChecker: loaded 2 times (x 74B)
Class org.jetbrains.kotlin.gradle.plugin.mpp.compilationImpl.CreateCInteropTasksSideEffectKt: loaded 2 times (x 71B)
Class org.jetbrains.kotlin.gradle.testing.internal.KotlinTestsRegistry$Companion      : loaded 2 times (x 71B)
Class org.jetbrains.kotlin.gradle.dsl.KotlinCommonCompilerToolOptions                 : loaded 2 times (x 70B)
Class org.jetbrains.kotlin.gradle.internal.properties.PropertiesBuildService$Companion$registerIfAbsent$1: loaded 2 times (x 75B)
Class org.jetbrains.kotlin.gradle.plugin.internal.DefaultConfigurationCacheStartParameterAccessorVariantFactory: loaded 2 times (x 76B)
Class com.google.common.cache.LocalCache                                              : loaded 2 times (x 187B)
Class com.google.common.cache.CacheBuilder$2                                          : loaded 2 times (x 79B)
Class com.google.common.base.CharMatcher$NegatedFastMatcher                           : loaded 2 times (x 113B)
Class Build_gradle$inlined$sam$i$org_gradle_api_Action$0                              : loaded 2 times (x 75B)
Class org.jetbrains.kotlin.gradle.plugin.mpp.compilationImpl.DefaultKotlinCompilationSourceSetsContainer$source$1: loaded 2 times (x 79B)
Class org.jetbrains.kotlin.gradle.internal.KotlinTestDependencyManagementKt           : loaded 2 times (x 71B)
Class org.jetbrains.kotlin.konan.target.KonanTarget$ANDROID_X64                       : loaded 2 times (x 78B)
Class [Lorg.jetbrains.kotlin.gradle.plugin.sources.ConsistencyCheck;                  : loaded 2 times (x 69B)
Class org.jetbrains.kotlin.gradle.report.ReportingSettings                            : loaded 2 times (x 72B)
Class org.jetbrains.kotlin.statistics.metrics.StringAnonymizationPolicy$ComponentVersionAnonymizer: loaded 2 times (x 78B)
Class com.google.common.collect.ArrayListMultimap                                     : loaded 2 times (x 172B)
Class com.google.common.cache.CacheBuilder$3                                          : loaded 2 times (x 72B)
Class [Lcom.google.common.collect.AbstractMapEntry;                                   : loaded 2 times (x 69B)
Class com.google.common.collect.ImmutableEntry                                        : loaded 2 times (x 82B)
Class org.jetbrains.kotlin.gradle.plugin.KotlinBasePluginWrapper                      : loaded 2 times (x 86B)
Class org.gradle.api.GradleException                                                  : loaded 2 times (x 82B)
Class org.jetbrains.kotlin.gradle.plugin.diagnostics.KotlinToolingDiagnostics$JsEnvironmentNotChosenExplicitly: loaded 2 times (x 73B)
Class org.jetbrains.kotlin.gradle.plugin.ProjectLocalConfigurations$ProjectLocalCompatibility: loaded 2 times (x 76B)
Class org.jetbrains.kotlin.gradle.dsl.KotlinJvmCompilerOptions                        : loaded 2 times (x 70B)
Class org.jetbrains.kotlin.gradle.plugin.internal.DefaultProjectIsolationStartParameterAccessor$Factory: loaded 2 times (x 76B)
Class com.google.common.collect.CollectPreconditions                                  : loaded 2 times (x 71B)
Class org.jetbrains.kotlin.gradle.plugin.KotlinPluginLifecycleImpl$launch$1           : loaded 2 times (x 79B)
Class org.jetbrains.kotlin.konan.target.HostManager$Companion$targetAliases$2         : loaded 2 times (x 78B)
Class org.jetbrains.kotlin.gradle.utils.Completable                                   : loaded 2 times (x 72B)
Class org.jetbrains.kotlin.gradle.plugin.DefaultKotlinBasePlugin$addKotlinCompilerConfiguration$2$1: loaded 2 times (x 75B)
Class org.jetbrains.kotlin.gradle.plugin.statistics.KotlinBuildStatsServicesRegistry$Companion: loaded 2 times (x 71B)
Class org.jetbrains.kotlin.gradle.plugin.internal.DefaultCompatibilityConventionRegistrar$Factory: loaded 2 times (x 76B)
Class com.google.common.collect.SortedMapDifference                                   : loaded 2 times (x 70B)
Class Build_gradle$1$1                                                                : loaded 2 times (x 78B)
Class org.jetbrains.kotlin.gradle.plugin.diagnostics.checkers.IncorrectCompileOnlyDependenciesChecker$runChecks$1: loaded 2 times (x 88B)
Class org.jetbrains.kotlin.gradle.plugin.mpp.KotlinOnlyTarget                         : loaded 2 times (x 153B)
Class org.jetbrains.kotlin.gradle.targets.js.npm.BaseNpmDependencyExtension           : loaded 2 times (x 70B)
Class org.jetbrains.kotlin.gradle.dsl.KotlinVersion$Companion                         : loaded 2 times (x 71B)
Class org.jetbrains.kotlin.gradle.InternalKotlinGradlePluginApi                       : loaded 2 times (x 70B)
Class org.jetbrains.kotlin.gradle.dsl.DefaultToolchainSupport                         : loaded 2 times (x 76B)
Class org.jetbrains.kotlin.gradle.plugin.internal.CustomPropertiesFileValueSource     : loaded 2 times (x 82B)
Class com.google.common.cache.LocalCache$EntryFactory                                 : loaded 2 times (x 83B)
Class org.jetbrains.kotlin.gradle.plugin.cocoapods.KotlinCocoapodsPlugin              : loaded 2 times (x 76B)
Class org.jetbrains.kotlin.gradle.internal.CompilerOptionsDslHelpersKt                : loaded 2 times (x 71B)
Class org.jetbrains.kotlin.gradle.internal.StdlibDependencyManagementKt$configureStdlibVersionAlignment$1$1: loaded 2 times (x 75B)
Class org.jetbrains.kotlin.gradle.dsl.KotlinProjectExtension$awaitSourceSets$1        : loaded 2 times (x 88B)
Class org.jetbrains.kotlin.gradle.plugin.KotlinPluginLifecycle$CoroutineStart         : loaded 2 times (x 79B)
Class org.jetbrains.kotlin.konan.target.Family                                        : loaded 2 times (x 79B)
Class org.jetbrains.kotlin.gradle.tasks.TasksProviderKt$sam$org_gradle_api_Action$0   : loaded 2 times (x 75B)
Class org.jetbrains.kotlin.gradle.tooling.BuildKotlinToolingMetadataTask$FromKotlinExtension: loaded 2 times (x 317B)
Class org.jetbrains.kotlin.gradle.utils.FailuresKt                                    : loaded 2 times (x 71B)
Class org.jetbrains.kotlin.gradle.targets.native.internal.CInteropConfigurationsKt$special$$inlined$KotlinTargetSideEffect$1: loaded 2 times (x 74B)
Class org.jetbrains.kotlin.gradle.internal.properties.NativePropertiesLoader$konanDataDirProperty$1: loaded 2 times (x 75B)
Class org.jetbrains.kotlin.gradle.plugin.statistics.BuildFusService$Parameters_Decorated: loaded 2 times (x 143B)
Class org.jetbrains.kotlin.gradle.internal.properties.PropertiesBuildService$Params$Inject: loaded 2 times (x 106B)
Class org.jetbrains.kotlin.tooling.core.HasMutableExtras                              : loaded 2 times (x 70B)
Class com.google.common.cache.LocalCache$AbstractReferenceEntry                       : loaded 2 times (x 107B)
Class org.gradle.internal.IoActions                                                   : loaded 2 times (x 71B)
Class org.jetbrains.kotlin.gradle.internal.Kapt3KotlinGradleSubpluginKt               : loaded 2 times (x 71B)
Class org.jetbrains.kotlin.gradle.dsl.KotlinJvmCompile                                : loaded 2 times (x 70B)
Class com.google.common.collect.ImmutableRangeSet$ComplementRanges                    : loaded 2 times (x 207B)
Class org.jetbrains.kotlin.konan.target.KonanTarget$LINUX_ARM32_HFP                   : loaded 2 times (x 78B)
Class org.jetbrains.kotlin.gradle.internal.Kapt3GradleSubplugin                       : loaded 2 times (x 83B)
Class org.jetbrains.kotlin.gradle.plugin.diagnostics.checkers.CInteropInputChecker    : loaded 2 times (x 74B)
Class org.jetbrains.kotlin.gradle.plugin.statistics.FinalizeConfigurationFusMetricActionKt$FinalizeConfigurationFusMetricAction$1: loaded 2 times (x 95B)
Class org.jetbrains.kotlin.gradle.internal.KotlinDependenciesManagementKt$CustomizeKotlinDependenciesSetupAction$1: loaded 2 times (x 74B)
Class org.jetbrains.kotlin.gradle.plugin.KotlinGradlePluginExtensionPointInternal$registeredExtensions$2: loaded 2 times (x 78B)
Class org.jetbrains.kotlin.statistics.metrics.BooleanOverridePolicy$OR                : loaded 2 times (x 85B)
Class org.jetbrains.kotlin.gradle.plugin.UsesVariantImplementationFactories           : loaded 2 times (x 70B)
Class org.objectweb.asm.SymbolTable                                                   : loaded 2 times (x 72B)
Class com.google.common.cache.CacheLoader$InvalidCacheLoadException                   : loaded 2 times (x 82B)
Class com.google.common.collect.ImmutableSet$RegularSetBuilderImpl                    : loaded 2 times (x 77B)
Class org.gradle.internal.classloader.SystemClassLoaderSpec                           : loaded 2 times (x 71B)
Class org.jetbrains.kotlin.gradle.tasks.configuration.BaseKotlinCompileConfig$1$1     : loaded 2 times (x 75B)
Class org.jetbrains.kotlin.gradle.plugin.mpp.compilationImpl.factory.KotlinCompilationImplFactory$PostConfigure: loaded 2 times (x 70B)
Class org.jetbrains.kotlin.gradle.utils.KotlinExtensionUtilsKt                        : loaded 2 times (x 71B)
Class [Lorg.jetbrains.kotlin.konan.util.Named;                                        : loaded 2 times (x 69B)
Class org.jetbrains.kotlin.gradle.plugin.diagnostics.checkers.NoKotlinTargetsDeclaredChecker$runChecks$1: loaded 2 times (x 88B)
Class org.jetbrains.kotlin.gradle.plugin.mpp.AbstractKotlinTarget$kotlinComponents$2  : loaded 2 times (x 79B)
Class org.jetbrains.kotlin.gradle.plugin.KotlinPlatformType$CompatibilityRule         : loaded 2 times (x 76B)
Class org.jetbrains.kotlin.gradle.internal.properties.NativePropertiesLoader$actualNativeHomeDirectory$1: loaded 2 times (x 75B)
Class org.jetbrains.kotlin.gradle.internal.properties.NativePropertiesKt              : loaded 2 times (x 71B)
Class org.jetbrains.kotlin.gradle.plugin.BuildEventsListenerRegistryHolder            : loaded 2 times (x 72B)
Class [Lorg.jetbrains.kotlin.statistics.metrics.BooleanOverridePolicy;                : loaded 2 times (x 69B)
Class org.jetbrains.kotlin.gradle.plugin.internal.CustomPropertiesFileValueSource$Parameters$Inject: loaded 2 times (x 106B)
Class com.google.common.cache.LocalCache$StrongEntry                                  : loaded 2 times (x 108B)
Class com.google.common.util.concurrent.AbstractFuture$TrustedFuture                  : loaded 2 times (x 114B)
Class com.google.common.cache.LoadingCache                                            : loaded 2 times (x 70B)
Class org.jetbrains.kotlin.gradle.plugin.mpp.KotlinTargetSoftwareComponentImplKt$KotlinTargetSoftwareComponent$1: loaded 2 times (x 95B)
Class org.jetbrains.kotlin.gradle.tasks.configuration.BaseKotlinCompileConfig$registerBuildToolsApiTransformations$1: loaded 2 times (x 75B)
Class org.jetbrains.kotlin.gradle.plugin.internal.BuildIdService                      : loaded 2 times (x 76B)
Class org.jetbrains.kotlin.gradle.plugin.mpp.compilationImpl.factory.KotlinCompilationDependencyConfigurationsFactoriesKt: loaded 2 times (x 71B)
Class org.jetbrains.kotlin.gradle.plugin.mpp.compilationImpl.DefaultKotlinCompilationFriendPathsResolver: loaded 2 times (x 75B)
Class org.jetbrains.kotlin.gradle.plugin.diagnostics.checkers.WasmSourceSetsNotFoundChecker$runChecks$1: loaded 2 times (x 88B)
Class org.jetbrains.kotlin.konan.target.KonanTarget$IOS_SIMULATOR_ARM64               : loaded 2 times (x 78B)
Class org.jetbrains.kotlin.gradle.plugin.mpp.compilationImpl.KotlinCreateCompilationArchiveTaskKt$KotlinCreateCompilationArchivesTask$1: loaded 2 times (x 74B)
Class org.jetbrains.kotlin.gradle.dsl.KotlinVersion                                   : loaded 2 times (x 79B)
Class org.jetbrains.kotlin.gradle.internal.properties.NativePropertiesLoader$actualNativeHomeDirectory$2: loaded 2 times (x 74B)
Class org.jetbrains.kotlin.gradle.utils.StoredPropertyKt                              : loaded 2 times (x 71B)
Class org.objectweb.asm.MethodWriter                                                  : loaded 2 times (x 106B)
Class [Lcom.google.common.cache.Weigher;                                              : loaded 2 times (x 69B)
Class com.google.common.collect.RegularImmutableMap$BucketOverflowException           : loaded 2 times (x 82B)
Class org.jetbrains.kotlin.gradle.plugin.sources.KotlinDependencyScope$Companion      : loaded 2 times (x 71B)
Class org.jetbrains.kotlin.gradle.tasks.configuration.BaseKotlinCompileConfig$registerBuildToolsApiTransformations$2: loaded 2 times (x 75B)
Class org.jetbrains.kotlin.gradle.tasks.KotlinJvmCompile                              : loaded 2 times (x 70B)
Class org.jetbrains.kotlin.gradle.plugin.mpp.compilationImpl.KotlinCompilationSourceSetsContainerKt: loaded 2 times (x 71B)
Class org.jetbrains.kotlin.gradle.plugin.KotlinPluginLifecycleKt$launchInStage$1      : loaded 2 times (x 95B)
Class org.jetbrains.kotlin.gradle.targets.NativeForwardImplementationToApiElementsSideEffectKt: loaded 2 times (x 71B)
Class org.jetbrains.kotlin.gradle.internal.properties.NativePropertiesLoader$actualNativeHomeDirectory$3: loaded 2 times (x 75B)
Class org.jetbrains.kotlin.gradle.report.BuildReportMode                              : loaded 2 times (x 79B)
Class org.jetbrains.kotlin.statistics.metrics.StringAnonymizationPolicy$RegexControlled: loaded 2 times (x 79B)
Class org.jetbrains.kotlin.statistics.ValueAnonymizer                                 : loaded 2 times (x 70B)
Class org.jetbrains.kotlin.gradle.plugin.VariantImplementationFactories$Companion$getProvider$2$1$1: loaded 2 times (x 75B)
Class org.jetbrains.kotlin.gradle.plugin.internal.ProjectIsolationStartParameterAccessor$Factory: loaded 2 times (x 70B)
Class org.jetbrains.kotlin.gradle.internal.transforms.BuildToolsApiClasspathEntrySnapshotTransform$Inject1: loaded 2 times (x 113B)
Class org.jetbrains.kotlin.gradle.plugin.mpp.compilationImpl.KotlinCompilationRegisterInSourceSetsConfigurator: loaded 2 times (x 74B)
Class org.jetbrains.kotlin.gradle.plugin.mpp.compilationImpl.factory.DefaultKotlinCompilationTaskNamesContainerFactory: loaded 2 times (x 74B)
Class org.jetbrains.kotlin.gradle.targets.native.internal.CommonizerTasksKt           : loaded 2 times (x 71B)
Class [Lorg.jetbrains.kotlin.gradle.targets.js.npm.NpmDependency$Scope;               : loaded 2 times (x 69B)
Class org.jetbrains.kotlin.gradle.plugin.KotlinCompilerPluginSupportPlugin            : loaded 2 times (x 70B)
Class org.jetbrains.kotlin.gradle.plugin.mpp.AbstractKotlinTarget$components$2        : loaded 2 times (x 79B)
Class org.jetbrains.kotlin.gradle.plugin.mpp.KotlinUsages$setupAttributesMatchingStrategy$1: loaded 2 times (x 74B)
Class org.jetbrains.kotlin.gradle.utils.AndroidPluginIdsKt                            : loaded 2 times (x 71B)
Class com.google.common.collect.RegularImmutableBiMap                                 : loaded 2 times (x 149B)
Class com.google.common.cache.LocalCache$ValueReference                               : loaded 2 times (x 70B)
Class com.google.common.base.CharMatcher$Is                                           : loaded 2 times (x 111B)
Class com.google.common.base.CharMatcher$Negated                                      : loaded 2 times (x 113B)
Class org.jetbrains.kotlin.gradle.plugin.KotlinBasePlugin                             : loaded 2 times (x 70B)
Class com.google.common.base.PatternCompiler                                          : loaded 2 times (x 70B)
Class org.jetbrains.kotlin.gradle.utils.FutureKt                                      : loaded 2 times (x 71B)
Class org.jetbrains.kotlin.gradle.logging.GradleLoggingUtilsKt                        : loaded 2 times (x 71B)
Class com.google.common.util.concurrent.AbstractFuture$Failure                        : loaded 2 times (x 72B)
Class com.google.common.base.Equivalence$Equals                                       : loaded 2 times (x 82B)
Class com.google.common.collect.Hashing                                               : loaded 2 times (x 71B)
Class com.google.common.base.Preconditions                                            : loaded 2 times (x 71B)
Class org.jetbrains.kotlin.gradle.plugin.KotlinAndroidPluginWrapper                   : loaded 2 times (x 86B)
Class [Lorg.jetbrains.kotlin.gradle.dsl.PlatformSourceSetConventionsChecker$CheckedPlatformInfo;: loaded 2 times (x 69B)
Class org.jetbrains.kotlin.gradle.plugin.diagnostics.KotlinGradleProjectCheckerContext: loaded 2 times (x 72B)
Class org.jetbrains.kotlin.gradle.plugin.diagnostics.checkers.DuplicateSourceSetChecker: loaded 2 times (x 74B)
Class org.jetbrains.kotlin.gradle.plugin.diagnostics.ToolingDiagnosticFactory         : loaded 2 times (x 73B)
Class org.jetbrains.kotlin.gradle.targets.KotlinTargetSideEffect                      : loaded 2 times (x 70B)
Class org.jetbrains.kotlin.gradle.plugin.DefaultKotlinBasePlugin$setupAttributeMatchingStrategy$1$1: loaded 2 times (x 79B)
Class org.jetbrains.kotlin.statistics.metrics.NumericalMetrics$Companion              : loaded 2 times (x 71B)
Class [Lorg.jetbrains.kotlin.statistics.metrics.NumberAnonymizationPolicy;            : loaded 2 times (x 69B)
Class org.jetbrains.kotlin.statistics.metrics.NumberOverridePolicy$OVERRIDE           : loaded 2 times (x 85B)
Class org.jetbrains.kotlin.gradle.internal.properties.PropertiesBuildService$property$1: loaded 2 times (x 79B)
Class com.google.common.base.Joiner$1                                                 : loaded 2 times (x 80B)
Class org.objectweb.asm.Label                                                         : loaded 2 times (x 73B)
Class org.objectweb.asm.CurrentFrame                                                  : loaded 2 times (x 73B)
Class org.objectweb.asm.ClassTooLargeException                                        : loaded 2 times (x 83B)
Class com.google.common.base.CharMatcher                                              : loaded 2 times (x 111B)
Class com.google.common.collect.PeekingIterator                                       : loaded 2 times (x 70B)
Class org.jetbrains.kotlin.gradle.tasks.KotlinCompilationTask                         : loaded 2 times (x 70B)
Class org.jetbrains.kotlin.gradle.plugin.mpp.compilationImpl.factory.KotlinCompilationImplFactory$ProcessResourcesTaskNameFactory: loaded 2 times (x 70B)
Class com.google.common.collect.RangeGwtSerializationDependencies                     : loaded 2 times (x 71B)
Class org.jetbrains.kotlin.gradle.internal.properties.PropertiesBuildService$property$2: loaded 2 times (x 79B)
Class org.jetbrains.kotlin.gradle.internal.KotlinDependenciesManagementKt             : loaded 2 times (x 71B)
Class org.jetbrains.kotlin.gradle.plugin.DefaultKotlinBasePlugin$setupAttributeMatchingStrategy$1$2: loaded 2 times (x 79B)
Class org.jetbrains.kotlin.gradle.plugin.statistics.KotlinBuildStatsLoggerService     : loaded 2 times (x 72B)
Class org.jetbrains.kotlin.gradle.plugin.internal.CustomPropertiesFileValueSource$Inject: loaded 2 times (x 113B)
Class com.google.common.base.Joiner$2                                                 : loaded 2 times (x 79B)
Class org.objectweb.asm.Frame                                                         : loaded 2 times (x 73B)
Class org.objectweb.asm.MethodVisitor                                                 : loaded 2 times (x 105B)
Class com.google.common.cache.LocalCache$EntryFactory$1                               : loaded 2 times (x 83B)
Class [Lcom.google.common.cache.RemovalListener;                                      : loaded 2 times (x 69B)
Class com.google.common.base.CharMatcher$1                                            : loaded 2 times (x 113B)
Class com.google.common.base.CharMatcher$NamedFastMatcher                             : loaded 2 times (x 112B)
Class org.jetbrains.kotlin.gradle.plugin.mpp.InternalKotlinTargetKt$special$$inlined$extrasStoredFuture$1: loaded 2 times (x 79B)
Class org.jetbrains.kotlin.tooling.core.ExtrasProperty                                : loaded 2 times (x 70B)
Class org.jetbrains.kotlin.compilerRunner.UsesCompilerSystemPropertiesService         : loaded 2 times (x 70B)
Class org.jetbrains.kotlin.gradle.plugin.mpp.compilationImpl.KotlinCompilationSourceSetInclusion$Companion: loaded 2 times (x 71B)
Class com.google.common.collect.RangeSet                                              : loaded 2 times (x 70B)
Class org.jetbrains.kotlin.konan.target.KonanTarget$WATCHOS_DEVICE_ARM64              : loaded 2 times (x 78B)
Class org.jetbrains.kotlin.gradle.plugin.diagnostics.checkers.MissingNativeStdlibChecker$runChecks$1: loaded 2 times (x 88B)
Class [Lorg.jetbrains.kotlin.gradle.plugin.sources.android.AndroidVariantType;        : loaded 2 times (x 69B)
Class org.jetbrains.kotlin.gradle.plugin.sources.android.AndroidVariantType           : loaded 2 times (x 79B)
Class org.jetbrains.kotlin.gradle.plugin.mpp.KotlinTargetSoftwareComponent            : loaded 2 times (x 89B)
Class org.jetbrains.kotlin.gradle.plugin.mpp.KotlinVariant                            : loaded 2 times (x 101B)
Class org.jetbrains.kotlin.gradle.targets.native.ConfigureFrameworkExportSideEffectKt : loaded 2 times (x 71B)
Class org.jetbrains.kotlin.gradle.utils.WhenPluginEnabledKt                           : loaded 2 times (x 71B)
Class org.jetbrains.kotlin.gradle.plugin.VariantImplementationFactories               : loaded 2 times (x 75B)
Class com.google.common.cache.LocalCache$EntryFactory$2                               : loaded 2 times (x 83B)
Class org.gradle.api.internal.classpath.GlobalCacheRootsProvider                      : loaded 2 times (x 70B)
Class org.jetbrains.kotlin.tooling.core.Extras$Entry$Companion                        : loaded 2 times (x 71B)
Class com.google.common.collect.CollectCollectors                                     : loaded 2 times (x 71B)
Class org.jetbrains.kotlin.gradle.targets.js.dsl.KotlinWasmWasiTargetDsl              : loaded 2 times (x 70B)
Class org.jetbrains.kotlin.gradle.plugin.diagnostics.checkers.DisabledNativeTargetsChecker: loaded 2 times (x 74B)
Class org.jetbrains.kotlin.gradle.plugin.mpp.compilationImpl.KotlinCreateSourcesJarTaskSideEffectKt$KotlinCreateSourcesJarTaskSideEffect$1: loaded 2 times (x 74B)
Class org.jetbrains.kotlin.gradle.internal.CompilerArgumentAware                      : loaded 2 times (x 70B)
Class org.jetbrains.kotlin.gradle.utils.ReportUtilsKt                                 : loaded 2 times (x 71B)
Class org.jetbrains.kotlin.gradle.utils.StoredLazyProperty                            : loaded 2 times (x 75B)
Class org.objectweb.asm.ModuleWriter                                                  : loaded 2 times (x 82B)
Class com.google.common.cache.LocalCache$EntryFactory$3                               : loaded 2 times (x 83B)
Class com.google.common.base.Ticker$1                                                 : loaded 2 times (x 72B)
Class com.google.common.collect.Maps$BiMapConverter                                   : loaded 2 times (x 90B)
Class com.google.common.collect.ImmutableMapEntrySet$RegularEntrySet                  : loaded 2 times (x 152B)
Class Native_plugin_loader_gradle$NativePluginLoader                                  : loaded 2 times (x 72B)
Class com.google.common.collect.SetMultimap                                           : loaded 2 times (x 70B)
Class org.jetbrains.kotlin.gradle.dsl.AndroidMainSourceSetConventionsChecker$runChecks$1: loaded 2 times (x 88B)
Class org.jetbrains.kotlin.gradle.plugin.sources.FragmentConsistencyChecks            : loaded 2 times (x 72B)
Class org.jetbrains.kotlin.gradle.plugin.mpp.InternalKotlinTargetComponent            : loaded 2 times (x 93B)
Class org.jetbrains.kotlin.gradle.targets.CreateDefaultTestRunSideEffectKt$special$$inlined$KotlinTargetSideEffect$1: loaded 2 times (x 74B)
Class org.jetbrains.kotlin.gradle.utils.ProviderApiUtilsKt                            : loaded 2 times (x 71B)
Class org.jetbrains.kotlin.gradle.internal.properties.NativePropertiesLoader$forceDisableRunningInProcess$1: loaded 2 times (x 75B)
Class org.jetbrains.kotlin.gradle.utils.PersistentCachesKt                            : loaded 2 times (x 71B)
Class org.jetbrains.kotlin.gradle.internal.tasks.TaskWithLocalState                   : loaded 2 times (x 70B)
Class org.jetbrains.kotlin.gradle.plugin.statistics.KotlinBuildStatisticsUtilsKt      : loaded 2 times (x 71B)
Class org.jetbrains.kotlin.statistics.metrics.BooleanMetrics                          : loaded 2 times (x 80B)
Class org.jetbrains.kotlin.gradle.internal.properties.PropertiesBuildService$Params   : loaded 2 times (x 70B)
Class com.google.common.cache.LocalCache$EntryFactory$4                               : loaded 2 times (x 83B)
Class com.google.common.base.CharMatcher$InRange                                      : loaded 2 times (x 111B)
Class com.google.common.collect.ImmutableSet$Builder                                  : loaded 2 times (x 85B)
Class org.jetbrains.kotlin.gradle.plugin.sources.KotlinDependencyScopeKt$WhenMappings : loaded 2 times (x 71B)
Class org.jetbrains.kotlin.gradle.tasks.K2MultiplatformCompilationTask                : loaded 2 times (x 70B)
Class org.jetbrains.kotlin.gradle.plugin.diagnostics.checkers.OverriddenKotlinNativeHomeChecker$StdlibExistenceCheckerValueSource$Inject: loaded 2 times (x 109B)
Class org.jetbrains.kotlin.gradle.utils.ConfigurationsKt$maybeCreateDependencyScope$1 : loaded 2 times (x 78B)
Class org.jetbrains.kotlin.gradle.plugin.sources.FragmentConsistencyChecks$languageVersionCheck$1: loaded 2 times (x 79B)
Class org.jetbrains.kotlin.gradle.plugin.mpp.DecoratedKotlinCompilation               : loaded 2 times (x 191B)
Class org.jetbrains.kotlin.gradle.plugin.diagnostics.checkers.ExperimentalTryNextUsageChecker: loaded 2 times (x 74B)
Class [Lorg.jetbrains.kotlin.gradle.plugin.diagnostics.ToolingDiagnostic$Severity;    : loaded 2 times (x 69B)
Class [Lorg.jetbrains.kotlin.gradle.plugin.KotlinPlatformType;                        : loaded 2 times (x 69B)
Class org.jetbrains.kotlin.gradle.plugin.statistics.UsesBuildFusService               : loaded 2 times (x 70B)
Class org.jetbrains.kotlin.gradle.plugin.statistics.old.Pre232IdeaKotlinBuildStatsBeanService: loaded 2 times (x 95B)
Class org.jetbrains.kotlin.statistics.metrics.NumberOverridePolicy$AVERAGE            : loaded 2 times (x 85B)
Class org.jetbrains.kotlin.gradle.plugin.VariantImplementationFactories$Parameters$Inject: loaded 2 times (x 106B)
Class com.google.common.cache.LocalCache$EntryFactory$5                               : loaded 2 times (x 83B)
Class org.jetbrains.kotlin.compilerRunner.CompilerSystemPropertiesService$Companion   : loaded 2 times (x 71B)
Class org.jetbrains.kotlin.gradle.plugin.mpp.MppSourcesJarKt$sourcesJarTaskNamed$result$1: loaded 2 times (x 79B)
Class org.jetbrains.kotlin.gradle.tasks.configuration.BaseKotlinCompileConfig$1       : loaded 2 times (x 79B)
Class org.jetbrains.kotlin.gradle.plugin.mpp.compilationImpl.factory.ConfigurationNaming$Default: loaded 2 times (x 75B)
Class org.jetbrains.kotlin.gradle.plugin.mpp.compilationImpl.KotlinCompilationSourceSetInclusion: loaded 2 times (x 72B)
Class org.jetbrains.kotlin.gradle.targets.jvm.KotlinJvmTarget                         : loaded 2 times (x 166B)
Class org.jetbrains.kotlin.gradle.targets.js.dsl.KotlinWasmJsTargetDsl                : loaded 2 times (x 70B)
Class org.jetbrains.kotlin.gradle.plugin.diagnostics.checkers.DisabledNativeTargetsChecker$runChecks$1: loaded 2 times (x 88B)
Class org.jetbrains.kotlin.gradle.plugin.KotlinPluginLifecycleImpl$await$2$1          : loaded 2 times (x 79B)
Class org.jetbrains.kotlin.gradle.plugin.sources.DefaultLanguageSettingsBuilder       : loaded 2 times (x 100B)
Class org.jetbrains.kotlin.gradle.plugin.sources.FragmentConsistencyChecks$languageVersionCheck$2: loaded 2 times (x 78B)
Class org.jetbrains.kotlin.gradle.targets.CreateTargetConfigurationsSideEffectKt$CreateTargetConfigurationsSideEffect$1: loaded 2 times (x 74B)
Class org.jetbrains.kotlin.gradle.dsl.KotlinTargetContainerWithPresetFunctions        : loaded 2 times (x 70B)
Class org.jetbrains.kotlin.gradle.utils.GradleConfigurationUtilsKt                    : loaded 2 times (x 71B)
Class org.jetbrains.kotlin.gradle.plugin.internal.CustomPropertiesFileValueSource$Parameters: loaded 2 times (x 70B)
Class org.jetbrains.kotlin.gradle.plugin.UsesBuildFinishedListenerService             : loaded 2 times (x 70B)
Class com.google.common.cache.LocalCache$EntryFactory$6                               : loaded 2 times (x 83B)
Class org.gradle.internal.installation.CurrentGradleInstallationLocator               : loaded 2 times (x 71B)
Class org.jetbrains.kotlin.gradle.plugin.diagnostics.UsesKotlinToolingDiagnosticsKt   : loaded 2 times (x 71B)
Class org.jetbrains.kotlin.gradle.tasks.configuration.BaseKotlinCompileConfig$2       : loaded 2 times (x 79B)
Class com.google.common.collect.Maps$KeySet                                           : loaded 2 times (x 137B)
Class org.jetbrains.kotlin.konan.target.KonanTarget$IOS_X64                           : loaded 2 times (x 78B)
Class org.jetbrains.kotlin.gradle.plugin.mpp.InternalKotlinCompilation                : loaded 2 times (x 70B)
Class org.jetbrains.kotlin.gradle.utils.WhenEvaluatedKt                               : loaded 2 times (x 71B)
Class org.jetbrains.kotlin.gradle.targets.native.internal.AddKotlinPlatformIntegersSupportLibraryKt: loaded 2 times (x 71B)
Class org.jetbrains.kotlin.gradle.plugin.AbstractKotlinJsPluginWrapper                : loaded 2 times (x 86B)
Class org.jetbrains.kotlin.gradle.plugin.KotlinPluginWrapperKt                        : loaded 2 times (x 71B)
Class com.google.common.cache.LocalCache$EntryFactory$7                               : loaded 2 times (x 83B)
Class com.google.common.collect.ImmutableSet$EmptySetBuilderImpl                      : loaded 2 times (x 76B)
Class com.google.common.collect.ImmutableList                                         : loaded 2 times (x 206B)
Class org.gradle.internal.service.DefaultServiceLocator                               : loaded 2 times (x 83B)
Class org.jetbrains.kotlin.compilerRunner.CompilerSystemPropertiesService$Companion$registerIfAbsent$1: loaded 2 times (x 75B)
Class org.jetbrains.kotlin.util.capitalizeDecapitalize.CapitalizeDecapitalizeKt       : loaded 2 times (x 71B)
Class org.jetbrains.kotlin.gradle.plugin.diagnostics.checkers.WasmJsEnvironmentChecker: loaded 2 times (x 76B)
Class org.jetbrains.kotlin.gradle.plugin.diagnostics.checkers.AndroidPluginWithoutAndroidTargetChecker: loaded 2 times (x 74B)
Class org.jetbrains.kotlin.statistics.metrics.NumberOverridePolicy                    : loaded 2 times (x 85B)
Class org.jetbrains.kotlin.statistics.metrics.StringAnonymizationPolicy$AllowedListAnonymizer$Companion: loaded 2 times (x 71B)
Class org.jetbrains.kotlin.gradle.plugin.internal.DefaultProjectIsolationStartParameterAccessor_Decorated: loaded 2 times (x 125B)
Class org.jetbrains.kotlin.gradle.plugin.internal.ProjectIsolationStartParameterAccessorKt: loaded 2 times (x 71B)
Class org.jetbrains.kotlin.gradle.testing.internal.KotlinTestsRegistry                : loaded 2 times (x 72B)
Class com.google.common.cache.LocalCache$EntryFactory$8                               : loaded 2 times (x 83B)
Class com.google.common.collect.ImmutableSet$SetBuilderImpl                           : loaded 2 times (x 76B)
Class org.gradle.internal.installation.CurrentGradleInstallation                      : loaded 2 times (x 73B)
Class org.jetbrains.kotlin.gradle.plugin.mpp.InternalKotlinCompilationKt$awaitAllKotlinSourceSets$1: loaded 2 times (x 88B)
Class org.jetbrains.kotlin.gradle.plugin.statistics.FusMetrics                        : loaded 2 times (x 70B)
Class org.jetbrains.kotlin.gradle.plugin.sources.DefaultKotlinSourceSet$special$$inlined$Iterable$1: loaded 2 times (x 79B)
Class org.jetbrains.kotlin.gradle.plugin.mpp.compilationImpl.factory.KotlinCompilationImplFactory$KotlinCompilerOptionsFactory$Options: loaded 2 times (x 72B)
Class org.jetbrains.kotlin.gradle.plugin.KotlinCompilation                            : loaded 2 times (x 70B)
Class org.jetbrains.kotlin.gradle.plugin.KotlinTargetConfiguratorKt                   : loaded 2 times (x 71B)
Class org.jetbrains.kotlin.tooling.core.Extras$Type$Companion                         : loaded 2 times (x 71B)
Class com.google.common.cache.CacheLoader$1                                           : loaded 2 times (x 75B)
Class com.google.common.collect.ImmutableList$SubList                                 : loaded 2 times (x 209B)
Class org.gradle.util.internal.GUtil                                                  : loaded 2 times (x 71B)
Class org.jetbrains.kotlin.gradle.plugin.mpp.InternalKotlinTargetKt$isSourcesPublishableFuture$2: loaded 2 times (x 95B)
Class org.jetbrains.kotlin.gradle.plugin.mpp.KotlinCompilationFactory                 : loaded 2 times (x 70B)
Class org.jetbrains.kotlin.gradle.dsl.IosSourceSetConventionChecker$runChecks$1       : loaded 2 times (x 88B)
Class org.jetbrains.kotlin.gradle.plugin.mpp.AbstractKotlinCompilation                : loaded 2 times (x 191B)
Class org.jetbrains.kotlin.gradle.plugin.diagnostics.checkers.UnusedSourceSetsChecker : loaded 2 times (x 74B)
Class org.jetbrains.kotlin.gradle.utils.Future                                        : loaded 2 times (x 70B)
Class org.jetbrains.kotlin.gradle.plugin.statistics.KotlinBuildStatsConfiguration$Companion: loaded 2 times (x 71B)
Class com.google.common.cache.AbstractCache$StatsCounter                              : loaded 2 times (x 70B)
Class org.jetbrains.kotlin.gradle.plugin.mpp.KotlinTargetSoftwareComponentImplKt      : loaded 2 times (x 71B)
Class org.jetbrains.kotlin.gradle.targets.js.dsl.KotlinJsSubTargetContainerDsl        : loaded 2 times (x 70B)
Class org.jetbrains.kotlin.tooling.core.MutableExtrasImpl$Companion                   : loaded 2 times (x 71B)
Class org.jetbrains.kotlin.gradle.plugin.KotlinGradleBuildServices$Companion$registerIfAbsent$1: loaded 2 times (x 75B)
Class org.jetbrains.kotlin.statistics.fileloggers.MetricsContainer                    : loaded 2 times (x 77B)
Class org.jetbrains.kotlin.gradle.plugin.internal.ProjectIsolationStartParameterAccessor: loaded 2 times (x 70B)
Class org.jetbrains.kotlin.gradle.utils.StoredProperty                                : loaded 2 times (x 70B)
Class com.google.common.collect.Iterators$MergingIterator                             : loaded 2 times (x 81B)
Class com.google.common.collect.RegularImmutableSet                                   : loaded 2 times (x 149B)
Class org.gradle.internal.installation.GradleInstallation                             : loaded 2 times (x 75B)
Class org.jetbrains.kotlin.gradle.plugin.mpp.compilationImpl.factory.KotlinCompilationImplFactory$create$1: loaded 2 times (x 75B)
Class org.jetbrains.kotlin.gradle.tasks.KotlinJavaToolchain                           : loaded 2 times (x 70B)
Class org.jetbrains.kotlin.statistics.metrics.BooleanMetrics$Companion                : loaded 2 times (x 71B)
Class org.jetbrains.kotlin.gradle.plugin.internal.CompatibilityConventionRegistrar    : loaded 2 times (x 70B)
Class com.google.common.collect.Iterables                                             : loaded 2 times (x 71B)
Class org.jetbrains.kotlin.gradle.plugin.mpp.KotlinJvmCompilation                     : loaded 2 times (x 200B)
Class org.jetbrains.kotlin.gradle.plugin.KotlinCompilation$Companion                  : loaded 2 times (x 71B)
Class org.jetbrains.kotlin.konan.target.KonanTarget$WATCHOS_ARM64                     : loaded 2 times (x 78B)
Class org.jetbrains.kotlin.konan.target.KonanTarget$MACOS_ARM64                       : loaded 2 times (x 78B)
Class org.jetbrains.kotlin.gradle.plugin.diagnostics.checkers.OverriddenKotlinNativeHomeChecker: loaded 2 times (x 74B)
Class org.jetbrains.kotlin.gradle.artifacts.KotlinJvmJarArtifactKt$KotlinJvmJarArtifact$1: loaded 2 times (x 74B)
Class org.jetbrains.kotlin.gradle.targets.native.SetupEmbedAndSignAppleFrameworkTaskSideEffectKt: loaded 2 times (x 71B)
Class org.jetbrains.kotlin.gradle.plugin.KotlinProjectSetupActionKt$KotlinProjectSetupCoroutine$1: loaded 2 times (x 75B)
Class org.jetbrains.kotlin.gradle.dsl.ToolchainSupport$Companion                      : loaded 2 times (x 71B)
Class org.jetbrains.kotlin.gradle.plugin.KotlinSourceSet                              : loaded 2 times (x 70B)

---------------  S Y S T E M  ---------------

OS:
 Windows 11 , 64 bit Build 26100 (10.0.26100.8115)
OS uptime: 8 days 12:24 hours
Hyper-V role detected

CPU: total 16 (initial active 16) (16 cores per cpu, 2 threads per core) family 25 model 33 stepping 2 microcode 0xa20120a, cx8, cmov, fxsr, ht, mmx, 3dnowpref, sse, sse2, sse3, ssse3, sse4a, sse4.1, sse4.2, popcnt, lzcnt, tsc, tscinvbit, avx, avx2, aes, erms, clmul, bmi1, bmi2, adx, sha, fma, vzeroupper, clflush, clflushopt, hv, rdtscp, rdpid, fsrm, f16c, cet_ss
Processor Information for the first 16 processors :
  Max Mhz: 4200, Current Mhz: 4200, Mhz Limit: 4200

Memory: 4k page, system-wide physical 65447M (18522M free)
TotalPageFile size 87833M (AvailPageFile size 1247M)
current process WorkingSet (physical memory assigned to process): 807M, peak: 861M
current process commit charge ("private bytes"): 876M, peak: 1189M

vm_info: OpenJDK 64-Bit Server VM (21.0.10+-14961533-b1163.108) for windows-amd64 JRE (21.0.10+-14961533-b1163.108), built on 2026-03-02T19:58:50Z by "builder" with MS VC++ 16.10 / 16.11 (VS2019)

END.
